优先级,优先原因,源文件,相对路径,SHA256,别名路径数,别名路径
P0,2025—2026年申报通知,/Volumes/知识库/_云端知识库/10_政策与目录/政策数据库/企策顾问/申报通知/宁波市/人才项目/2025-11-10__关于做好2025年度宁波市工业工程技术人员中级专业技术职务任职资格申报评审工作的通知__3de09113391a44648e6c9cee6916b001/附件/关于做好2025年度宁波市工业工程技术人员中级专业技术职务任职资格申报评审工作的通知.pdf,10_政策与目录/政策数据库/企策顾问/申报通知/宁波市/人才项目/2025-11-10__关于做好2025年度宁波市工业工程技术人员中级专业技术职务任职资格申报评审工作的通知__3de09113391a44648e6c9cee6916b001/附件/关于做好2025年度宁波市工业工程技术人员中级专业技术职务任职资格申报评审工作的通知.pdf,c5ab99d9d24e2af147e7d4bbbb45984f44ff6e2b3a1902fbe414eb121435b972,1,10_政策与目录/政策数据库/企策顾问/申报通知/宁波市/人才项目/2025-11-10__关于做好2025年度宁波市工业工程技术人员中级专业技术职务任职资格申报评审工作的通知__3de09113391a44648e6c9cee6916b001/附件/关于做好2025年度宁波市工业工程技术人员中级专业技术职务任职资格申报评审工作的通知.pdf
P0,2025—2026年申报通知,/Volumes/知识库/_云端知识库/10_政策与目录/政策数据库/企策顾问/申报通知/宁波市/人才项目/2025-11-10__关于做好2025年度宁波市数字工程技术人员中级专业技术职务任职资格申报评审工作的通知__0933ff0832ca4d78b0e9c20833744678/附件/关于做好2025年度宁波市数字工程技术人员中级专业技术职务任职资格申报评审工作的通知(1).pdf,10_政策与目录/政策数据库/企策顾问/申报通知/宁波市/人才项目/2025-11-10__关于做好2025年度宁波市数字工程技术人员中级专业技术职务任职资格申报评审工作的通知__0933ff0832ca4d78b0e9c20833744678/附件/关于做好2025年度宁波市数字工程技术人员中级专业技术职务任职资格申报评审工作的通知(1).pdf,a75d38c6f0b95403d7601457047c65ac93a79ac431b62add4e44bb9cc5ebde52,1,10_政策与目录/政策数据库/企策顾问/申报通知/宁波市/人才项目/2025-11-10__关于做好2025年度宁波市数字工程技术人员中级专业技术职务任职资格申报评审工作的通知__0933ff0832ca4d78b0e9c20833744678/附件/关于做好2025年度宁波市数字工程技术人员中级专业技术职务任职资格申报评审工作的通知(1).pdf
P0,2025—2026年申报通知,/Volumes/知识库/_云端知识库/10_政策与目录/政策数据库/企策顾问/申报通知/宁波市/优质中小企业梯度培育/2025-05-29__关于组织做好2025年专精特新“小巨人”企业认定和复核工作的通知__3434d2625ce84fef8d71d6c5b0fc0f85/附件/[附件下载].pdf,10_政策与目录/政策数据库/企策顾问/申报通知/宁波市/优质中小企业梯度培育/2025-05-29__关于组织做好2025年专精特新“小巨人”企业认定和复核工作的通知__3434d2625ce84fef8d71d6c5b0fc0f85/附件/[附件下载].pdf,760b0bc424e66e64f6765071bffda46ec6dea08ca1826c25da832b46e582be21,1,10_政策与目录/政策数据库/企策顾问/申报通知/宁波市/优质中小企业梯度培育/2025-05-29__关于组织做好2025年专精特新“小巨人”企业认定和复核工作的通知__3434d2625ce84fef8d71d6c5b0fc0f85/附件/[附件下载].pdf
P0,2025—2026年申报通知,/Volumes/知识库/_云端知识库/10_政策与目录/政策数据库/企策顾问/申报通知/宁波市/优质中小企业梯度培育/2026-04-03__关于组织开展2026年度宁波市第一批创新型中小企业评价认定及2023年第一批到期复核工作的通知__a2c8f3ab15d543c39eb2c14356fd1d87/附件/[附件下载].pdf,10_政策与目录/政策数据库/企策顾问/申报通知/宁波市/优质中小企业梯度培育/2026-04-03__关于组织开展2026年度宁波市第一批创新型中小企业评价认定及2023年第一批到期复核工作的通知__a2c8f3ab15d543c39eb2c14356fd1d87/附件/[附件下载].pdf,fc0ab46f8e823ec0af7a1db1b24c269b1d83587d365695d54bd37b59d0c46248,1,10_政策与目录/政策数据库/企策顾问/申报通知/宁波市/优质中小企业梯度培育/2026-04-03__关于组织开展2026年度宁波市第一批创新型中小企业评价认定及2023年第一批到期复核工作的通知__a2c8f3ab15d543c39eb2c14356fd1d87/附件/[附件下载].pdf
P0,2025—2026年申报通知,/Volumes/知识库/_云端知识库/10_政策与目录/政策数据库/企策顾问/申报通知/宁波市/优质中小企业梯度培育/【过期】2025-05-30__浙江省经济和信息化厅关于开展2025年专精特新“小巨人”企业申报推荐和复核工作的通知__ab7f5f9fec9248e993f9dfc66999b08f/附件/浙经信软件〔2025〕140号.pdf,10_政策与目录/政策数据库/企策顾问/申报通知/宁波市/优质中小企业梯度培育/【过期】2025-05-30__浙江省经济和信息化厅关于开展2025年专精特新“小巨人”企业申报推荐和复核工作的通知__ab7f5f9fec9248e993f9dfc66999b08f/附件/浙经信软件〔2025〕140号.pdf,dcb1b11d7bd8069f51eb2023208bc7f4300e99bf561b3a897a7a60b438678592,4,10_政策与目录/政策数据库/企策顾问/申报通知/宁波市/优质中小企业梯度培育/【过期】2025-05-30__浙江省经济和信息化厅关于开展2025年专精特新“小巨人”企业申报推荐和复核工作的通知__ab7f5f9fec9248e993f9dfc66999b08f/附件/浙经信软件〔2025〕140号.pdf | 10_政策与目录/政策数据库/企策顾问/申报通知/杭州市/优质中小企业梯度培育/【过期】2025-05-30__浙江省经济和信息化厅关于开展2025年专精特新“小巨人”企业申报推荐和复核工作的通知__ab7f5f9fec9248e993f9dfc66999b08f/附件/浙经信软件〔2025〕140号.pdf | 10_政策与目录/政策数据库/企策顾问/申报通知/绍兴市/优质中小企业梯度培育/【过期】2025-05-30__浙江省经济和信息化厅关于开展2025年专精特新“小巨人”企业申报推荐和复核工作的通知__ab7f5f9fec9248e993f9dfc66999b08f/附件/浙经信软件〔2025〕140号.pdf | 10_政策与目录/政策数据库/企策顾问/申报通知/金华市/优质中小企业梯度培育/【过期】2025-05-30__浙江省经济和信息化厅关于开展2025年专精特新“小巨人”企业申报推荐和复核工作的通知__ab7f5f9fec9248e993f9dfc66999b08f/附件/浙经信软件〔2025〕140号.pdf
P0,2025—2026年申报通知,/Volumes/知识库/_云端知识库/10_政策与目录/政策数据库/企策顾问/申报通知/宁波市/全省重点实验室/2025-12-02__关于组织开展2026年度市重点实验室认定及2023年市重点实验室绩效评价的通知__af5762fd68e44eeba8a36c603d302334/附件/附件1.《宁波市重点实验室认定和运行管理办法》.pdf.pdf,10_政策与目录/政策数据库/企策顾问/申报通知/宁波市/全省重点实验室/2025-12-02__关于组织开展2026年度市重点实验室认定及2023年市重点实验室绩效评价的通知__af5762fd68e44eeba8a36c603d302334/附件/附件1.《宁波市重点实验室认定和运行管理办法》.pdf.pdf,66221f36dfbdf376e6347c0f216524ec362fe851727a9ad544cd4266a9c6cabc,1,10_政策与目录/政策数据库/企策顾问/申报通知/宁波市/全省重点实验室/2025-12-02__关于组织开展2026年度市重点实验室认定及2023年市重点实验室绩效评价的通知__af5762fd68e44eeba8a36c603d302334/附件/附件1.《宁波市重点实验室认定和运行管理办法》.pdf.pdf
P0,2025—2026年申报通知,/Volumes/知识库/_云端知识库/10_政策与目录/政策数据库/企策顾问/申报通知/宁波市/加计扣除/2025-03-21__关于做好2024年度享受研发费用加计扣除政策的工业母机企业申报工作的通知__6dfacaae43c545fca90f2728ef4cb95e/附件/2.关于2024年度享受研发费用加计扣除政策的工业母机企业清单制定工作有关事项的通知..pdf,10_政策与目录/政策数据库/企策顾问/申报通知/宁波市/加计扣除/2025-03-21__关于做好2024年度享受研发费用加计扣除政策的工业母机企业申报工作的通知__6dfacaae43c545fca90f2728ef4cb95e/附件/2.关于2024年度享受研发费用加计扣除政策的工业母机企业清单制定工作有关事项的通知..pdf,07bd499988fcfb1156ddb6c6d644e7af05d4bc3acf861470f4f53592f52d6e7d,3,10_政策与目录/政策数据库/企策顾问/申报通知/宁波市/加计扣除/2025-03-21__关于做好2024年度享受研发费用加计扣除政策的工业母机企业申报工作的通知__6dfacaae43c545fca90f2728ef4cb95e/附件/2.关于2024年度享受研发费用加计扣除政策的工业母机企业清单制定工作有关事项的通知..pdf | 10_政策与目录/政策数据库/企策顾问/申报通知/绍兴市/加计扣除/2025-03-21__关于做好2024年度享受研发费用加计扣除政策的工业母机企业申报工作的通知__6dfacaae43c545fca90f2728ef4cb95e/附件/2.关于2024年度享受研发费用加计扣除政策的工业母机企业清单制定工作有关事项的通知..pdf | 10_政策与目录/政策数据库/企策顾问/申报通知/金华市/加计扣除/2025-03-21__关于做好2024年度享受研发费用加计扣除政策的工业母机企业申报工作的通知__6dfacaae43c545fca90f2728ef4cb95e/附件/2.关于2024年度享受研发费用加计扣除政策的工业母机企业清单制定工作有关事项的通知..pdf
P0,2025—2026年申报通知,/Volumes/知识库/_云端知识库/10_政策与目录/政策数据库/企策顾问/申报通知/宁波市/技术改造和未来工厂/2025-06-12__关于开展2025年度绿色工厂创建及绿色化改造认定工作的通知__bdb3cedec9fb4c449c5f4181a6c33c6b/附件/附件4：宁波市星级绿色工厂评价办法（2024版）.pdf,10_政策与目录/政策数据库/企策顾问/申报通知/宁波市/技术改造和未来工厂/2025-06-12__关于开展2025年度绿色工厂创建及绿色化改造认定工作的通知__bdb3cedec9fb4c449c5f4181a6c33c6b/附件/附件4：宁波市星级绿色工厂评价办法（2024版）.pdf,6a9c6c52792a8367d5a7ac0295e7e4a2a0d022a736124b620792253bd4782752,3,10_政策与目录/政策数据库/企策顾问/申报通知/宁波市/技术改造和未来工厂/2025-06-12__关于开展2025年度绿色工厂创建及绿色化改造认定工作的通知__bdb3cedec9fb4c449c5f4181a6c33c6b/附件/附件4：宁波市星级绿色工厂评价办法（2024版）.pdf | 10_政策与目录/政策数据库/企策顾问/申报通知/宁波市/技术改造和未来工厂/2025-12-16__关于开展2025年度第六批绿色工厂创建及第三批绿色化改造认定工作的通知__27262dd832d64a609c6738e74c2139c8/附件/附件4：宁波市星级绿色工厂评价办法（2024版）.pdf | 10_政策与目录/政策数据库/企策顾问/申报通知/宁波市/技术改造和未来工厂/2026-05-22__关于开展2026年度第二批绿色工厂创建及绿色化改造认定工作的通知__89d17b4cd7e14967b4b909255db61e49/附件/附件4：宁波市星级绿色工厂评价办法（2024版）.pdf
P0,2025—2026年申报通知,/Volumes/知识库/_云端知识库/10_政策与目录/政策数据库/企策顾问/申报通知/宁波市/技术改造和未来工厂/2025-06-12__关于开展2025年度绿色工厂创建及绿色化改造认定工作的通知__bdb3cedec9fb4c449c5f4181a6c33c6b/附件/附件5：宁波市工业企业绿色化改造评价表（2025年修订版）.pdf,10_政策与目录/政策数据库/企策顾问/申报通知/宁波市/技术改造和未来工厂/2025-06-12__关于开展2025年度绿色工厂创建及绿色化改造认定工作的通知__bdb3cedec9fb4c449c5f4181a6c33c6b/附件/附件5：宁波市工业企业绿色化改造评价表（2025年修订版）.pdf,80b2941f6acb9eb66f4bed5cadf40cabe428f6a4a5ed5b039dbd1bf4031c8642,3,10_政策与目录/政策数据库/企策顾问/申报通知/宁波市/技术改造和未来工厂/2025-06-12__关于开展2025年度绿色工厂创建及绿色化改造认定工作的通知__bdb3cedec9fb4c449c5f4181a6c33c6b/附件/附件5：宁波市工业企业绿色化改造评价表（2025年修订版）.pdf | 10_政策与目录/政策数据库/企策顾问/申报通知/宁波市/技术改造和未来工厂/2025-12-16__关于开展2025年度第六批绿色工厂创建及第三批绿色化改造认定工作的通知__27262dd832d64a609c6738e74c2139c8/附件/附件5：宁波市工业企业绿色化改造评价表（2025年修订版）.pdf | 10_政策与目录/政策数据库/企策顾问/申报通知/宁波市/技术改造和未来工厂/2026-05-22__关于开展2026年度第二批绿色工厂创建及绿色化改造认定工作的通知__89d17b4cd7e14967b4b909255db61e49/附件/附件5：宁波市工业企业绿色化改造评价表（2025年修订版）.pdf
P0,2025—2026年申报通知,/Volumes/知识库/_云端知识库/10_政策与目录/政策数据库/企策顾问/申报通知/宁波市/技术改造和未来工厂/2025-06-12__关于开展2025年度绿色工厂创建及绿色化改造认定工作的通知__bdb3cedec9fb4c449c5f4181a6c33c6b/附件/附件6：关于发布宁波市第一批绿色制造专家库和第三方服务机构名录库的通知.pdf,10_政策与目录/政策数据库/企策顾问/申报通知/宁波市/技术改造和未来工厂/2025-06-12__关于开展2025年度绿色工厂创建及绿色化改造认定工作的通知__bdb3cedec9fb4c449c5f4181a6c33c6b/附件/附件6：关于发布宁波市第一批绿色制造专家库和第三方服务机构名录库的通知.pdf,9c5467d1b77ea8074da6f5e8a4d9354219e6fe4c861cb4ae4937e7ba66fe4ee0,3,10_政策与目录/政策数据库/企策顾问/申报通知/宁波市/技术改造和未来工厂/2025-06-12__关于开展2025年度绿色工厂创建及绿色化改造认定工作的通知__bdb3cedec9fb4c449c5f4181a6c33c6b/附件/附件6：关于发布宁波市第一批绿色制造专家库和第三方服务机构名录库的通知.pdf | 10_政策与目录/政策数据库/企策顾问/申报通知/宁波市/技术改造和未来工厂/2025-12-16__关于开展2025年度第六批绿色工厂创建及第三批绿色化改造认定工作的通知__27262dd832d64a609c6738e74c2139c8/附件/附件6：关于发布宁波市第一批绿色制造专家库和第三方服务机构名录库的通知.pdf | 10_政策与目录/政策数据库/企策顾问/申报通知/宁波市/技术改造和未来工厂/2026-05-22__关于开展2026年度第二批绿色工厂创建及绿色化改造认定工作的通知__89d17b4cd7e14967b4b909255db61e49/附件/附件6：关于发布宁波市第一批绿色制造专家库和第三方服务机构名录库的通知.pdf
P0,2025—2026年申报通知,/Volumes/知识库/_云端知识库/10_政策与目录/政策数据库/企策顾问/申报通知/宁波市/技术改造和未来工厂/2025-06-12__关于开展2025年度绿色工厂创建及绿色化改造认定工作的通知__bdb3cedec9fb4c449c5f4181a6c33c6b/附件/附件7：关于发布宁波市第二批绿色制造入库专家名单和入库第三方服务机构名录的通知.pdf,10_政策与目录/政策数据库/企策顾问/申报通知/宁波市/技术改造和未来工厂/2025-06-12__关于开展2025年度绿色工厂创建及绿色化改造认定工作的通知__bdb3cedec9fb4c449c5f4181a6c33c6b/附件/附件7：关于发布宁波市第二批绿色制造入库专家名单和入库第三方服务机构名录的通知.pdf,06a5e1b338f7514010867b4b7ac2e9a07bd9f03d487e9ccec0e8aea956540a0a,3,10_政策与目录/政策数据库/企策顾问/申报通知/宁波市/技术改造和未来工厂/2025-06-12__关于开展2025年度绿色工厂创建及绿色化改造认定工作的通知__bdb3cedec9fb4c449c5f4181a6c33c6b/附件/附件7：关于发布宁波市第二批绿色制造入库专家名单和入库第三方服务机构名录的通知.pdf | 10_政策与目录/政策数据库/企策顾问/申报通知/宁波市/技术改造和未来工厂/2025-12-16__关于开展2025年度第六批绿色工厂创建及第三批绿色化改造认定工作的通知__27262dd832d64a609c6738e74c2139c8/附件/附件7：关于发布宁波市第二批绿色制造入库专家名单和入库第三方服务机构名录的通知.pdf | 10_政策与目录/政策数据库/企策顾问/申报通知/宁波市/技术改造和未来工厂/2026-05-22__关于开展2026年度第二批绿色工厂创建及绿色化改造认定工作的通知__89d17b4cd7e14967b4b909255db61e49/附件/附件7：关于发布宁波市第二批绿色制造入库专家名单和入库第三方服务机构名录的通知.pdf
P0,2025—2026年申报通知,/Volumes/知识库/_云端知识库/10_政策与目录/政策数据库/企策顾问/申报通知/宁波市/技术改造和未来工厂/2025-10-11__关于开展2025年度国家级绿色工厂推荐工作的通知__c1a926a7d4a4491cb8d6efaa76d83d0b/附件/附件5：工业和信息化部办公厅关于开展2025年度绿色工厂推荐工作的通知.pdf,10_政策与目录/政策数据库/企策顾问/申报通知/宁波市/技术改造和未来工厂/2025-10-11__关于开展2025年度国家级绿色工厂推荐工作的通知__c1a926a7d4a4491cb8d6efaa76d83d0b/附件/附件5：工业和信息化部办公厅关于开展2025年度绿色工厂推荐工作的通知.pdf,8bce9e194d179e3f372f7166118957fa4f77a92d158c5b3861475de4c5cb208c,1,10_政策与目录/政策数据库/企策顾问/申报通知/宁波市/技术改造和未来工厂/2025-10-11__关于开展2025年度国家级绿色工厂推荐工作的通知__c1a926a7d4a4491cb8d6efaa76d83d0b/附件/附件5：工业和信息化部办公厅关于开展2025年度绿色工厂推荐工作的通知.pdf
P0,2025—2026年申报通知,/Volumes/知识库/_云端知识库/10_政策与目录/政策数据库/企策顾问/申报通知/宁波市/科技计划/2025-05-19__浙江省自然资源厅浙江省科学技术厅关于组织申报深地国家科技重大专项2025年度项目的通知__feee8ea721e1443a88e573be8c7810a8/附件/浙自然资厅函〔2025〕453 浙江省自然资源厅 浙江省科技厅关于组织申报深地国家科技重大专项的通知.pdf,10_政策与目录/政策数据库/企策顾问/申报通知/宁波市/科技计划/2025-05-19__浙江省自然资源厅浙江省科学技术厅关于组织申报深地国家科技重大专项2025年度项目的通知__feee8ea721e1443a88e573be8c7810a8/附件/浙自然资厅函〔2025〕453 浙江省自然资源厅 浙江省科技厅关于组织申报深地国家科技重大专项的通知.pdf,207966e4a8d609a80f8cb9165c0dbf853329c26892997ba3b09da72f2dc957b3,4,10_政策与目录/政策数据库/企策顾问/申报通知/宁波市/科技计划/2025-05-19__浙江省自然资源厅浙江省科学技术厅关于组织申报深地国家科技重大专项2025年度项目的通知__feee8ea721e1443a88e573be8c7810a8/附件/浙自然资厅函〔2025〕453 浙江省自然资源厅 浙江省科技厅关于组织申报深地国家科技重大专项的通知.pdf | 10_政策与目录/政策数据库/企策顾问/申报通知/杭州市/科技计划/2025-05-19__浙江省自然资源厅浙江省科学技术厅关于组织申报深地国家科技重大专项2025年度项目的通知__feee8ea721e1443a88e573be8c7810a8/附件/浙自然资厅函〔2025〕453 浙江省自然资源厅 浙江省科技厅关于组织申报深地国家科技重大专项的通知.pdf | 10_政策与目录/政策数据库/企策顾问/申报通知/绍兴市/科技计划/2025-05-19__浙江省自然资源厅浙江省科学技术厅关于组织申报深地国家科技重大专项2025年度项目的通知__feee8ea721e1443a88e573be8c7810a8/附件/浙自然资厅函〔2025〕453 浙江省自然资源厅 浙江省科技厅关于组织申报深地国家科技重大专项的通知.pdf | 10_政策与目录/政策数据库/企策顾问/申报通知/金华市/科技计划/2025-05-19__浙江省自然资源厅浙江省科学技术厅关于组织申报深地国家科技重大专项2025年度项目的通知__feee8ea721e1443a88e573be8c7810a8/附件/浙自然资厅函〔2025〕453 浙江省自然资源厅 浙江省科技厅关于组织申报深地国家科技重大专项的通知.pdf
P0,2025—2026年申报通知,/Volumes/知识库/_云端知识库/10_政策与目录/政策数据库/企策顾问/申报通知/宁波市/科技计划/2025-05-19__浙江省自然资源厅浙江省科学技术厅关于组织申报深地国家科技重大专项2025年度项目的通知__feee8ea721e1443a88e573be8c7810a8/附件/自然资源部关于发布深地国家科技重大专项2025年度公开项目申报指南的通知.pdf,10_政策与目录/政策数据库/企策顾问/申报通知/宁波市/科技计划/2025-05-19__浙江省自然资源厅浙江省科学技术厅关于组织申报深地国家科技重大专项2025年度项目的通知__feee8ea721e1443a88e573be8c7810a8/附件/自然资源部关于发布深地国家科技重大专项2025年度公开项目申报指南的通知.pdf,e19768fac8107d62a9daedf3723de1f30eaa54e4ad4796dd0082c04778131539,4,10_政策与目录/政策数据库/企策顾问/申报通知/宁波市/科技计划/2025-05-19__浙江省自然资源厅浙江省科学技术厅关于组织申报深地国家科技重大专项2025年度项目的通知__feee8ea721e1443a88e573be8c7810a8/附件/自然资源部关于发布深地国家科技重大专项2025年度公开项目申报指南的通知.pdf | 10_政策与目录/政策数据库/企策顾问/申报通知/杭州市/科技计划/2025-05-19__浙江省自然资源厅浙江省科学技术厅关于组织申报深地国家科技重大专项2025年度项目的通知__feee8ea721e1443a88e573be8c7810a8/附件/自然资源部关于发布深地国家科技重大专项2025年度公开项目申报指南的通知.pdf | 10_政策与目录/政策数据库/企策顾问/申报通知/绍兴市/科技计划/2025-05-19__浙江省自然资源厅浙江省科学技术厅关于组织申报深地国家科技重大专项2025年度项目的通知__feee8ea721e1443a88e573be8c7810a8/附件/自然资源部关于发布深地国家科技重大专项2025年度公开项目申报指南的通知.pdf | 10_政策与目录/政策数据库/企策顾问/申报通知/金华市/科技计划/2025-05-19__浙江省自然资源厅浙江省科学技术厅关于组织申报深地国家科技重大专项2025年度项目的通知__feee8ea721e1443a88e573be8c7810a8/附件/自然资源部关于发布深地国家科技重大专项2025年度公开项目申报指南的通知.pdf
P0,2025—2026年申报通知,/Volumes/知识库/_云端知识库/10_政策与目录/政策数据库/企策顾问/申报通知/宁波市/综合政策/2025-02-05__关于开展宁波市万兆光网试点申报工作的通知__b6d42d07b4f3450c844fc25e7160b539/附件/附件1：工业和信息化部办公厅关于开展万兆光网试点工作的通知.pdf,10_政策与目录/政策数据库/企策顾问/申报通知/宁波市/综合政策/2025-02-05__关于开展宁波市万兆光网试点申报工作的通知__b6d42d07b4f3450c844fc25e7160b539/附件/附件1：工业和信息化部办公厅关于开展万兆光网试点工作的通知.pdf,4f9241aa5a74d79eca093b3e621e4a231f7423b8ea932da3ddebef821c3ae404,1,10_政策与目录/政策数据库/企策顾问/申报通知/宁波市/综合政策/2025-02-05__关于开展宁波市万兆光网试点申报工作的通知__b6d42d07b4f3450c844fc25e7160b539/附件/附件1：工业和信息化部办公厅关于开展万兆光网试点工作的通知.pdf
P0,2025—2026年申报通知,/Volumes/知识库/_云端知识库/10_政策与目录/政策数据库/企策顾问/申报通知/宁波市/综合政策/2025-03-05__关于组织开展2025年县域充换电设施补短板试点申报工作的通知__d9145f65ecaf4e8394658b7dff7a9d9d/附件/附件1：财政部 工业和信息化部 交通运输部关于开展县域充换电设施补短板试点工作的通知.pdf,10_政策与目录/政策数据库/企策顾问/申报通知/宁波市/综合政策/2025-03-05__关于组织开展2025年县域充换电设施补短板试点申报工作的通知__d9145f65ecaf4e8394658b7dff7a9d9d/附件/附件1：财政部 工业和信息化部 交通运输部关于开展县域充换电设施补短板试点工作的通知.pdf,5da6a51823dd11511e05bcf860f2a2d58eac25fd2cf357e83e6f9b30f18f74e0,3,10_政策与目录/政策数据库/企策顾问/申报通知/宁波市/综合政策/2025-03-05__关于组织开展2025年县域充换电设施补短板试点申报工作的通知__d9145f65ecaf4e8394658b7dff7a9d9d/附件/附件1：财政部 工业和信息化部 交通运输部关于开展县域充换电设施补短板试点工作的通知.pdf | 10_政策与目录/政策数据库/企策顾问/申报通知/绍兴市/综合政策/2025-03-05__关于组织开展2025年县域充换电设施补短板试点申报工作的通知__d9145f65ecaf4e8394658b7dff7a9d9d/附件/附件1：财政部 工业和信息化部 交通运输部关于开展县域充换电设施补短板试点工作的通知.pdf | 10_政策与目录/政策数据库/企策顾问/申报通知/金华市/综合政策/2025-03-05__关于组织开展2025年县域充换电设施补短板试点申报工作的通知__d9145f65ecaf4e8394658b7dff7a9d9d/附件/附件1：财政部 工业和信息化部 交通运输部关于开展县域充换电设施补短板试点工作的通知.pdf
P0,2025—2026年申报通知,/Volumes/知识库/_云端知识库/10_政策与目录/政策数据库/企策顾问/申报通知/宁波市/综合政策/2025-03-12__浙江省哲学社会科学规划部门合作专项研究课题（应急管理政策研究）开始申报__d3091d11e0c1493faea89e41eab653f1/附件/关于做好2025年度浙江省哲学社会科学规划部门合作专项研究课题申报工作的通知.pdf,10_政策与目录/政策数据库/企策顾问/申报通知/宁波市/综合政策/2025-03-12__浙江省哲学社会科学规划部门合作专项研究课题（应急管理政策研究）开始申报__d3091d11e0c1493faea89e41eab653f1/附件/关于做好2025年度浙江省哲学社会科学规划部门合作专项研究课题申报工作的通知.pdf,1d53f3e80124bf6969bde855756e09191abb6561bd2228c15c476dc481bb6863,3,10_政策与目录/政策数据库/企策顾问/申报通知/宁波市/综合政策/2025-03-12__浙江省哲学社会科学规划部门合作专项研究课题（应急管理政策研究）开始申报__d3091d11e0c1493faea89e41eab653f1/附件/关于做好2025年度浙江省哲学社会科学规划部门合作专项研究课题申报工作的通知.pdf | 10_政策与目录/政策数据库/企策顾问/申报通知/绍兴市/综合政策/2025-03-12__浙江省哲学社会科学规划部门合作专项研究课题（应急管理政策研究）开始申报__d3091d11e0c1493faea89e41eab653f1/附件/关于做好2025年度浙江省哲学社会科学规划部门合作专项研究课题申报工作的通知.pdf | 10_政策与目录/政策数据库/企策顾问/申报通知/金华市/综合政策/2025-03-12__浙江省哲学社会科学规划部门合作专项研究课题（应急管理政策研究）开始申报__d3091d11e0c1493faea89e41eab653f1/附件/关于做好2025年度浙江省哲学社会科学规划部门合作专项研究课题申报工作的通知.pdf
P0,2025—2026年申报通知,/Volumes/知识库/_云端知识库/10_政策与目录/政策数据库/企策顾问/申报通知/宁波市/综合政策/2025-03-21__关于开展2025年印染行业规范企业公告申报工作的通知__9bbee4466a3a43c09c5f4e19f24d737e/附件/1.工业和信息化部办公厅关于开展2025年印染行业规范企业公告申报工作的通知.pdf,10_政策与目录/政策数据库/企策顾问/申报通知/宁波市/综合政策/2025-03-21__关于开展2025年印染行业规范企业公告申报工作的通知__9bbee4466a3a43c09c5f4e19f24d737e/附件/1.工业和信息化部办公厅关于开展2025年印染行业规范企业公告申报工作的通知.pdf,da1b410e559b2723bda8a85f471de96eefc8ef719067b3bd06a0a85edc668b4a,3,10_政策与目录/政策数据库/企策顾问/申报通知/宁波市/综合政策/2025-03-21__关于开展2025年印染行业规范企业公告申报工作的通知__9bbee4466a3a43c09c5f4e19f24d737e/附件/1.工业和信息化部办公厅关于开展2025年印染行业规范企业公告申报工作的通知.pdf | 10_政策与目录/政策数据库/企策顾问/申报通知/绍兴市/综合政策/2025-03-21__关于开展2025年印染行业规范企业公告申报工作的通知__9bbee4466a3a43c09c5f4e19f24d737e/附件/1.工业和信息化部办公厅关于开展2025年印染行业规范企业公告申报工作的通知.pdf | 10_政策与目录/政策数据库/企策顾问/申报通知/金华市/综合政策/2025-03-21__关于开展2025年印染行业规范企业公告申报工作的通知__9bbee4466a3a43c09c5f4e19f24d737e/附件/1.工业和信息化部办公厅关于开展2025年印染行业规范企业公告申报工作的通知.pdf
P0,2025—2026年申报通知,/Volumes/知识库/_云端知识库/10_政策与目录/政策数据库/企策顾问/申报通知/宁波市/综合政策/2025-03-21__关于组织申报2025年度中外中小企业合作区的通知__9585cc5e2e9e4d9892a356735b930f88/附件/附件2：中外中小企业合作区管理暂行办法.pdf,10_政策与目录/政策数据库/企策顾问/申报通知/宁波市/综合政策/2025-03-21__关于组织申报2025年度中外中小企业合作区的通知__9585cc5e2e9e4d9892a356735b930f88/附件/附件2：中外中小企业合作区管理暂行办法.pdf,a687037ce39f295b18b9b1f6398c0a3f4e7b0581c7c6149c9720ecb515a684b1,1,10_政策与目录/政策数据库/企策顾问/申报通知/宁波市/综合政策/2025-03-21__关于组织申报2025年度中外中小企业合作区的通知__9585cc5e2e9e4d9892a356735b930f88/附件/附件2：中外中小企业合作区管理暂行办法.pdf
P0,2025—2026年申报通知,/Volumes/知识库/_云端知识库/10_政策与目录/政策数据库/企策顾问/申报通知/宁波市/综合政策/2025-03-28__关于征集知识产权服务专员和知识产权特派员的通知__f97630575061407faca89485149091b8/附件/附件1：浙江省质量标准与知识产权强省工作领导小组办公室印发《关于建立知识产权服务专员机制助力创新浙江建设的实施方案》等文件的通知.pdf,10_政策与目录/政策数据库/企策顾问/申报通知/宁波市/综合政策/2025-03-28__关于征集知识产权服务专员和知识产权特派员的通知__f97630575061407faca89485149091b8/附件/附件1：浙江省质量标准与知识产权强省工作领导小组办公室印发《关于建立知识产权服务专员机制助力创新浙江建设的实施方案》等文件的通知.pdf,b87be165a8091226e0ce67e72f151a6ad34c0419719e101ca5c411741c78c60c,10,10_政策与目录/政策数据库/企策顾问/申报通知/宁波市/综合政策/2025-03-28__关于征集知识产权服务专员和知识产权特派员的通知__f97630575061407faca89485149091b8/附件/附件1：浙江省质量标准与知识产权强省工作领导小组办公室印发《关于建立知识产权服务专员机制助力创新浙江建设的实施方案》等文件的通知.pdf | 10_政策与目录/政策数据库/企策顾问/申报通知/宁波市/综合政策/2025-03-31__浙江省质量标准和知识产权强省工作领导小组办公室关于征集知识产权服务专员和知识产权特派员的通知__20afc0d2cac54213be2825f581ca12cc/附件/附件1：浙江省质量标准与知识产权强省工作领导小组办公室印发《关于建立知识产权服务专员机制助力创新浙江建设的实施方案》等文件的通知.pdf | 10_政策与目录/政策数据库/企策顾问/申报通知/宁波市/综合政策/2026-05-15__浙江省质量标准和知识产权强省工作领导小组办公室关于征集第二批知识产权服务专员及服务对象的通知__9c8e75edde064f768f0dac18cb04ca29/附件/附件1：浙江省质量标准和知识产权强省工作领导小组办公室印发《关于建立知识产权服务专员机制助力创新浙江建设的实施方案》等文件的通知.pdf | 10_政策与目录/政策数据库/企策顾问/申报通知/杭州市/综合政策/2026-05-15__浙江省质量标准和知识产权强省工作领导小组办公室关于征集第二批知识产权服务专员及服务对象的通知__9c8e75edde064f768f0dac18cb04ca29/附件/附件1：浙江省质量标准和知识产权强省工作领导小组办公室印发《关于建立知识产权服务专员机制助力创新浙江建设的实施方案》等文件的通知.pdf | 10_政策与目录/政策数据库/企策顾问/申报通知/绍兴市/综合政策/2025-03-28__关于征集知识产权服务专员和知识产权特派员的通知__f97630575061407faca89485149091b8/附件/附件1：浙江省质量标准与知识产权强省工作领导小组办公室印发《关于建立知识产权服务专员机制助力创新浙江建设的实施方案》等文件的通知.pdf | 10_政策与目录/政策数据库/企策顾问/申报通知/绍兴市/综合政策/2025-03-31__浙江省质量标准和知识产权强省工作领导小组办公室关于征集知识产权服务专员和知识产权特派员的通知__20afc0d2cac54213be2825f581ca12cc/附件/附件1：浙江省质量标准与知识产权强省工作领导小组办公室印发《关于建立知识产权服务专员机制助力创新浙江建设的实施方案》等文件的通知.pdf | 10_政策与目录/政策数据库/企策顾问/申报通知/绍兴市/综合政策/2026-05-15__浙江省质量标准和知识产权强省工作领导小组办公室关于征集第二批知识产权服务专员及服务对象的通知__9c8e75edde064f768f0dac18cb04ca29/附件/附件1：浙江省质量标准和知识产权强省工作领导小组办公室印发《关于建立知识产权服务专员机制助力创新浙江建设的实施方案》等文件的通知.pdf | 10_政策与目录/政策数据库/企策顾问/申报通知/金华市/综合政策/2025-03-28__关于征集知识产权服务专员和知识产权特派员的通知__f97630575061407faca89485149091b8/附件/附件1：浙江省质量标准与知识产权强省工作领导小组办公室印发《关于建立知识产权服务专员机制助力创新浙江建设的实施方案》等文件的通知.pdf | 10_政策与目录/政策数据库/企策顾问/申报通知/金华市/综合政策/2025-03-31__浙江省质量标准和知识产权强省工作领导小组办公室关于征集知识产权服务专员和知识产权特派员的通知__20afc0d2cac54213be2825f581ca12cc/附件/附件1：浙江省质量标准与知识产权强省工作领导小组办公室印发《关于建立知识产权服务专员机制助力创新浙江建设的实施方案》等文件的通知.pdf | 10_政策与目录/政策数据库/企策顾问/申报通知/金华市/综合政策/2026-05-15__浙江省质量标准和知识产权强省工作领导小组办公室关于征集第二批知识产权服务专员及服务对象的通知__9c8e75edde064f768f0dac18cb04ca29/附件/附件1：浙江省质量标准和知识产权强省工作领导小组办公室印发《关于建立知识产权服务专员机制助力创新浙江建设的实施方案》等文件的通知.pdf
P0,2025—2026年申报通知,/Volumes/知识库/_云端知识库/10_政策与目录/政策数据库/企策顾问/申报通知/宁波市/综合政策/2025-03-28__关于组织申报2025年度中小企业特色产业集群的通知__229b1a7e62174587b4cf729c71c1f83f/附件/附件5：促进中小企业特色产业集群发展暂行办法.pdf,10_政策与目录/政策数据库/企策顾问/申报通知/宁波市/综合政策/2025-03-28__关于组织申报2025年度中小企业特色产业集群的通知__229b1a7e62174587b4cf729c71c1f83f/附件/附件5：促进中小企业特色产业集群发展暂行办法.pdf,c61caf580459fd0f7d1912179ad988c0885dbc7be79cb3fa75b2586a075275f0,2,10_政策与目录/政策数据库/企策顾问/申报通知/宁波市/综合政策/2025-03-28__关于组织申报2025年度中小企业特色产业集群的通知__229b1a7e62174587b4cf729c71c1f83f/附件/附件5：促进中小企业特色产业集群发展暂行办法.pdf | 10_政策与目录/政策数据库/企策顾问/申报通知/宁波市/综合政策/2025-04-01__2025年度中小企业特色产业集群开始申报__5d98c00515d64e6ab0cc908c1a905cf2/附件/附件5：促进中小企业特色产业集群发展暂行办法.pdf
P0,2025—2026年申报通知,/Volumes/知识库/_云端知识库/10_政策与目录/政策数据库/企策顾问/申报通知/宁波市/综合政策/2025-03-28__关于组织申报2025年度中小企业特色产业集群的通知__229b1a7e62174587b4cf729c71c1f83f/附件/附件6：工业和信息化部办公厅关于组织开展2025年度中小企业特色产业集群推荐和2022年度中小企业特色产业集群复核工作的通知.pdf,10_政策与目录/政策数据库/企策顾问/申报通知/宁波市/综合政策/2025-03-28__关于组织申报2025年度中小企业特色产业集群的通知__229b1a7e62174587b4cf729c71c1f83f/附件/附件6：工业和信息化部办公厅关于组织开展2025年度中小企业特色产业集群推荐和2022年度中小企业特色产业集群复核工作的通知.pdf,68e10dbabf9775099032eb3833020d6313771587de1930e793aff522a4a29e50,2,10_政策与目录/政策数据库/企策顾问/申报通知/宁波市/综合政策/2025-03-28__关于组织申报2025年度中小企业特色产业集群的通知__229b1a7e62174587b4cf729c71c1f83f/附件/附件6：工业和信息化部办公厅关于组织开展2025年度中小企业特色产业集群推荐和2022年度中小企业特色产业集群复核工作的通知.pdf | 10_政策与目录/政策数据库/企策顾问/申报通知/宁波市/综合政策/2025-04-01__2025年度中小企业特色产业集群开始申报__5d98c00515d64e6ab0cc908c1a905cf2/附件/附件6：工业和信息化部办公厅关于组织开展2025年度中小企业特色产业集群推荐和2022年度中小企业特色产业集群复核工作的通知.pdf
P0,2025—2026年申报通知,/Volumes/知识库/_云端知识库/10_政策与目录/政策数据库/企策顾问/申报通知/宁波市/综合政策/2025-05-21__关于组织开展2025年度宁波市级医药储备承储单位申报工作的通知__00e509de3aa24eb993bd2d03adbf98b4/附件/[附件下载].pdf,10_政策与目录/政策数据库/企策顾问/申报通知/宁波市/综合政策/2025-05-21__关于组织开展2025年度宁波市级医药储备承储单位申报工作的通知__00e509de3aa24eb993bd2d03adbf98b4/附件/[附件下载].pdf,8a853b774b1e98746a65df7afa55578e4c4efff38b0657d040711823ef292838,1,10_政策与目录/政策数据库/企策顾问/申报通知/宁波市/综合政策/2025-05-21__关于组织开展2025年度宁波市级医药储备承储单位申报工作的通知__00e509de3aa24eb993bd2d03adbf98b4/附件/[附件下载].pdf
P0,2025—2026年申报通知,/Volumes/知识库/_云端知识库/10_政策与目录/政策数据库/企策顾问/申报通知/宁波市/综合政策/2025-05-27__转发宁波市科技局关于落实好2025年“创新积分制”企业信息征集工作的通知__806f5a55f6084f5baf944ae150cca95a/附件/附件1.科技部办公厅关于做好2025年“创新积分制”企业信息征集工作的通知.pdf,10_政策与目录/政策数据库/企策顾问/申报通知/宁波市/综合政策/2025-05-27__转发宁波市科技局关于落实好2025年“创新积分制”企业信息征集工作的通知__806f5a55f6084f5baf944ae150cca95a/附件/附件1.科技部办公厅关于做好2025年“创新积分制”企业信息征集工作的通知.pdf,855a7fc7b4807609a0923c9887b26c1b5d70aa2958c6129efc4d99458979ed55,1,10_政策与目录/政策数据库/企策顾问/申报通知/宁波市/综合政策/2025-05-27__转发宁波市科技局关于落实好2025年“创新积分制”企业信息征集工作的通知__806f5a55f6084f5baf944ae150cca95a/附件/附件1.科技部办公厅关于做好2025年“创新积分制”企业信息征集工作的通知.pdf
P0,2025—2026年申报通知,/Volumes/知识库/_云端知识库/10_政策与目录/政策数据库/企策顾问/申报通知/宁波市/综合政策/2025-06-10__关于开展第二批工业机器人行业规范公告申报工作的通知__a82037af984143dfbd8c5a9eabf0a399/附件/工业和信息化部办公厅关于开展第二批工业机器人行业规范公告申报工作的通知.pdf,10_政策与目录/政策数据库/企策顾问/申报通知/宁波市/综合政策/2025-06-10__关于开展第二批工业机器人行业规范公告申报工作的通知__a82037af984143dfbd8c5a9eabf0a399/附件/工业和信息化部办公厅关于开展第二批工业机器人行业规范公告申报工作的通知.pdf,a284152aa49d0f7b5009c53693bccae67bed10791c23b4608ededaa0e3c23e5e,4,10_政策与目录/政策数据库/企策顾问/申报通知/宁波市/综合政策/2025-06-10__关于开展第二批工业机器人行业规范公告申报工作的通知__a82037af984143dfbd8c5a9eabf0a399/附件/工业和信息化部办公厅关于开展第二批工业机器人行业规范公告申报工作的通知.pdf | 10_政策与目录/政策数据库/企策顾问/申报通知/杭州市/综合政策/2025-06-10__关于开展第二批工业机器人行业规范公告申报工作的通知__a82037af984143dfbd8c5a9eabf0a399/附件/工业和信息化部办公厅关于开展第二批工业机器人行业规范公告申报工作的通知.pdf | 10_政策与目录/政策数据库/企策顾问/申报通知/绍兴市/综合政策/2025-06-10__关于开展第二批工业机器人行业规范公告申报工作的通知__a82037af984143dfbd8c5a9eabf0a399/附件/工业和信息化部办公厅关于开展第二批工业机器人行业规范公告申报工作的通知.pdf | 10_政策与目录/政策数据库/企策顾问/申报通知/金华市/综合政策/2025-06-10__关于开展第二批工业机器人行业规范公告申报工作的通知__a82037af984143dfbd8c5a9eabf0a399/附件/工业和信息化部办公厅关于开展第二批工业机器人行业规范公告申报工作的通知.pdf
P0,2025—2026年申报通知,/Volumes/知识库/_云端知识库/10_政策与目录/政策数据库/企策顾问/申报通知/宁波市/综合政策/2025-07-21__转发工业和信息化部办公厅关于开展2025年度十大类纺织创新精品建设推广工作的通知__c445025428494b9fa742f363a7cbb3d6/附件/2025年度十大类纺织创新精品建设推广工作网上申报流程说明.pdf,10_政策与目录/政策数据库/企策顾问/申报通知/宁波市/综合政策/2025-07-21__转发工业和信息化部办公厅关于开展2025年度十大类纺织创新精品建设推广工作的通知__c445025428494b9fa742f363a7cbb3d6/附件/2025年度十大类纺织创新精品建设推广工作网上申报流程说明.pdf,2ae2f57bfadaa1d2f6b0064206b8206e94fb8110903f0c3e254e1a7242a03916,4,10_政策与目录/政策数据库/企策顾问/申报通知/宁波市/综合政策/2025-07-21__转发工业和信息化部办公厅关于开展2025年度十大类纺织创新精品建设推广工作的通知__c445025428494b9fa742f363a7cbb3d6/附件/2025年度十大类纺织创新精品建设推广工作网上申报流程说明.pdf | 10_政策与目录/政策数据库/企策顾问/申报通知/杭州市/综合政策/2025-07-21__转发工业和信息化部办公厅关于开展2025年度十大类纺织创新精品建设推广工作的通知__c445025428494b9fa742f363a7cbb3d6/附件/2025年度十大类纺织创新精品建设推广工作网上申报流程说明.pdf | 10_政策与目录/政策数据库/企策顾问/申报通知/绍兴市/综合政策/2025-07-21__转发工业和信息化部办公厅关于开展2025年度十大类纺织创新精品建设推广工作的通知__c445025428494b9fa742f363a7cbb3d6/附件/2025年度十大类纺织创新精品建设推广工作网上申报流程说明.pdf | 10_政策与目录/政策数据库/企策顾问/申报通知/金华市/综合政策/2025-07-21__转发工业和信息化部办公厅关于开展2025年度十大类纺织创新精品建设推广工作的通知__c445025428494b9fa742f363a7cbb3d6/附件/2025年度十大类纺织创新精品建设推广工作网上申报流程说明.pdf
P0,2025—2026年申报通知,/Volumes/知识库/_云端知识库/10_政策与目录/政策数据库/企策顾问/申报通知/宁波市/综合政策/2025-07-29__关于组织开展2025年宁波市“瞪羚之星”企业申报的通知__62049b077df748a78a61337f1968333d/附件/附件4关于印发《宁波市“瞪羚之星”企业认定管理办法》的通知.pdf,10_政策与目录/政策数据库/企策顾问/申报通知/宁波市/综合政策/2025-07-29__关于组织开展2025年宁波市“瞪羚之星”企业申报的通知__62049b077df748a78a61337f1968333d/附件/附件4关于印发《宁波市“瞪羚之星”企业认定管理办法》的通知.pdf,8932ab6069548a493801bafc473505e5a5ebaa3587b3afdbe0e7124a348d3645,1,10_政策与目录/政策数据库/企策顾问/申报通知/宁波市/综合政策/2025-07-29__关于组织开展2025年宁波市“瞪羚之星”企业申报的通知__62049b077df748a78a61337f1968333d/附件/附件4关于印发《宁波市“瞪羚之星”企业认定管理办法》的通知.pdf
P0,2025—2026年申报通知,/Volumes/知识库/_云端知识库/10_政策与目录/政策数据库/企策顾问/申报通知/宁波市/综合政策/2025-10-21__关于开展2025年度人形机器人产业政策申报的通知__3d8aa1d268e5444aaae3c1997d267a09/附件/[附件下载].pdf,10_政策与目录/政策数据库/企策顾问/申报通知/宁波市/综合政策/2025-10-21__关于开展2025年度人形机器人产业政策申报的通知__3d8aa1d268e5444aaae3c1997d267a09/附件/[附件下载].pdf,ac6499aad9b9d54165925fdddc063c164ac9ff3fbaebc65227a0636dba02a9f1,1,10_政策与目录/政策数据库/企策顾问/申报通知/宁波市/综合政策/2025-10-21__关于开展2025年度人形机器人产业政策申报的通知__3d8aa1d268e5444aaae3c1997d267a09/附件/[附件下载].pdf
P0,2025—2026年申报通知,/Volumes/知识库/_云端知识库/10_政策与目录/政策数据库/企策顾问/申报通知/宁波市/综合政策/2026-03-16__浙江省财政厅等五部门关于开展2026年县域充换电设施补短板试点申报有关工作的通知__e5952a9b33f7441cbbc24478566d3dbb/附件/财政部办公厅等3部门关于开展2026年县域充换电设施补短板试点申报有关工作的通知.pdf,10_政策与目录/政策数据库/企策顾问/申报通知/宁波市/综合政策/2026-03-16__浙江省财政厅等五部门关于开展2026年县域充换电设施补短板试点申报有关工作的通知__e5952a9b33f7441cbbc24478566d3dbb/附件/财政部办公厅等3部门关于开展2026年县域充换电设施补短板试点申报有关工作的通知.pdf,2d3241609565329fe0b7fd82cbd265cabbd353414dd10b2f37c8743d4e789436,4,10_政策与目录/政策数据库/企策顾问/申报通知/宁波市/综合政策/2026-03-16__浙江省财政厅等五部门关于开展2026年县域充换电设施补短板试点申报有关工作的通知__e5952a9b33f7441cbbc24478566d3dbb/附件/财政部办公厅等3部门关于开展2026年县域充换电设施补短板试点申报有关工作的通知.pdf | 10_政策与目录/政策数据库/企策顾问/申报通知/杭州市/综合政策/2026-03-16__浙江省财政厅等五部门关于开展2026年县域充换电设施补短板试点申报有关工作的通知__e5952a9b33f7441cbbc24478566d3dbb/附件/财政部办公厅等3部门关于开展2026年县域充换电设施补短板试点申报有关工作的通知.pdf | 10_政策与目录/政策数据库/企策顾问/申报通知/绍兴市/综合政策/2026-03-16__浙江省财政厅等五部门关于开展2026年县域充换电设施补短板试点申报有关工作的通知__e5952a9b33f7441cbbc24478566d3dbb/附件/财政部办公厅等3部门关于开展2026年县域充换电设施补短板试点申报有关工作的通知.pdf | 10_政策与目录/政策数据库/企策顾问/申报通知/金华市/综合政策/2026-03-16__浙江省财政厅等五部门关于开展2026年县域充换电设施补短板试点申报有关工作的通知__e5952a9b33f7441cbbc24478566d3dbb/附件/财政部办公厅等3部门关于开展2026年县域充换电设施补短板试点申报有关工作的通知.pdf
P0,2025—2026年申报通知,/Volumes/知识库/_云端知识库/10_政策与目录/政策数据库/企策顾问/申报通知/宁波市/综合政策/2026-05-18__宁波市财政局宁波市发展和改革委员会关于支持会计服务业高质量发展专项政策的实施细则__6085d828af7d405abceaa70e3976abfc/附件/宁波市财政局 宁波市发展和改革委员会关于支持会计服务业高质量发展专项政策的实施细则.pdf,10_政策与目录/政策数据库/企策顾问/申报通知/宁波市/综合政策/2026-05-18__宁波市财政局宁波市发展和改革委员会关于支持会计服务业高质量发展专项政策的实施细则__6085d828af7d405abceaa70e3976abfc/附件/宁波市财政局 宁波市发展和改革委员会关于支持会计服务业高质量发展专项政策的实施细则.pdf,481d91f17700ee6196d150193c43a22d22bb02eb1f581b29e7d8d2b78de63240,1,10_政策与目录/政策数据库/企策顾问/申报通知/宁波市/综合政策/2026-05-18__宁波市财政局宁波市发展和改革委员会关于支持会计服务业高质量发展专项政策的实施细则__6085d828af7d405abceaa70e3976abfc/附件/宁波市财政局 宁波市发展和改革委员会关于支持会计服务业高质量发展专项政策的实施细则.pdf
P0,2025—2026年申报通知,/Volumes/知识库/_云端知识库/10_政策与目录/政策数据库/企策顾问/申报通知/宁波市/软件与数字经济/2025-03-21__关于组织推荐申报2025年世界互联网大会领先科技奖项目的通知__077e23ece6ea4fe0af19adc00888f2df/附件/附件1：2025世界互联网大会领先科技奖申报通知.pdf,10_政策与目录/政策数据库/企策顾问/申报通知/宁波市/软件与数字经济/2025-03-21__关于组织推荐申报2025年世界互联网大会领先科技奖项目的通知__077e23ece6ea4fe0af19adc00888f2df/附件/附件1：2025世界互联网大会领先科技奖申报通知.pdf,3db90043b1d12e2dee4b2816d3e8e5c4c60052ce34519b3b43f2428810f0486c,1,10_政策与目录/政策数据库/企策顾问/申报通知/宁波市/软件与数字经济/2025-03-21__关于组织推荐申报2025年世界互联网大会领先科技奖项目的通知__077e23ece6ea4fe0af19adc00888f2df/附件/附件1：2025世界互联网大会领先科技奖申报通知.pdf
P0,2025—2026年申报通知,/Volumes/知识库/_云端知识库/10_政策与目录/政策数据库/企策顾问/申报通知/宁波市/软件与数字经济/2025-03-21__关于组织推荐申报2025年世界互联网大会领先科技奖项目的通知__077e23ece6ea4fe0af19adc00888f2df/附件/附件2：2024年世界互联网大会领先科技奖获奖项目名单.pdf,10_政策与目录/政策数据库/企策顾问/申报通知/宁波市/软件与数字经济/2025-03-21__关于组织推荐申报2025年世界互联网大会领先科技奖项目的通知__077e23ece6ea4fe0af19adc00888f2df/附件/附件2：2024年世界互联网大会领先科技奖获奖项目名单.pdf,d8bb4acbac0090e3bdc7fb0b30dad1082cb2e60429697f53452ea7249c04ee89,1,10_政策与目录/政策数据库/企策顾问/申报通知/宁波市/软件与数字经济/2025-03-21__关于组织推荐申报2025年世界互联网大会领先科技奖项目的通知__077e23ece6ea4fe0af19adc00888f2df/附件/附件2：2024年世界互联网大会领先科技奖获奖项目名单.pdf
P0,2025—2026年申报通知,/Volumes/知识库/_云端知识库/10_政策与目录/政策数据库/企策顾问/申报通知/宁波市/软件与数字经济/2026-06-15__关于开展宁波市第一批高质量数据集建设揭榜挂帅验收工作的通知__5b7c4db73c154b628f637c61e3ea55d3/附件/附件5： 关于公布宁波市第一批高质量数据集建设揭榜挂帅入围单位的通知（甬经信数智〔2026〕53号）.pdf,10_政策与目录/政策数据库/企策顾问/申报通知/宁波市/软件与数字经济/2026-06-15__关于开展宁波市第一批高质量数据集建设揭榜挂帅验收工作的通知__5b7c4db73c154b628f637c61e3ea55d3/附件/附件5： 关于公布宁波市第一批高质量数据集建设揭榜挂帅入围单位的通知（甬经信数智〔2026〕53号）.pdf,1aceebd4d6a47b3eefd1e44afef18356c70e8298698122616487f25ecfad2e59,1,10_政策与目录/政策数据库/企策顾问/申报通知/宁波市/软件与数字经济/2026-06-15__关于开展宁波市第一批高质量数据集建设揭榜挂帅验收工作的通知__5b7c4db73c154b628f637c61e3ea55d3/附件/附件5： 关于公布宁波市第一批高质量数据集建设揭榜挂帅入围单位的通知（甬经信数智〔2026〕53号）.pdf
P0,2025—2026年申报通知,/Volumes/知识库/_云端知识库/10_政策与目录/政策数据库/企策顾问/申报通知/宁波市/软件与数字经济/2026-06-15__关于开展宁波市第一批高质量数据集建设揭榜挂帅验收工作的通知__5b7c4db73c154b628f637c61e3ea55d3/附件/附件6：关于印发《宁波市高质量数据集建设评价体系指引（试行）》的通知（甬经信数智〔2026〕9号）.pdf,10_政策与目录/政策数据库/企策顾问/申报通知/宁波市/软件与数字经济/2026-06-15__关于开展宁波市第一批高质量数据集建设揭榜挂帅验收工作的通知__5b7c4db73c154b628f637c61e3ea55d3/附件/附件6：关于印发《宁波市高质量数据集建设评价体系指引（试行）》的通知（甬经信数智〔2026〕9号）.pdf,116862db21d64bb82ac390e59a8fb3b3ee5145fd414a8e2ca833249e686cc298,1,10_政策与目录/政策数据库/企策顾问/申报通知/宁波市/软件与数字经济/2026-06-15__关于开展宁波市第一批高质量数据集建设揭榜挂帅验收工作的通知__5b7c4db73c154b628f637c61e3ea55d3/附件/附件6：关于印发《宁波市高质量数据集建设评价体系指引（试行）》的通知（甬经信数智〔2026〕9号）.pdf
P0,2025—2026年申报通知,/Volumes/知识库/_云端知识库/10_政策与目录/政策数据库/企策顾问/申报通知/宁波市/高新/2025-04-24__转发《关于组织开展2025年度高新技术企业认定工作的通知》的通知__99becf511c3d4ffd8a73b4226cc1e3e7/附件/甬高企认领办[2025]2号关于组织开展2025年度高新技术企业认定工作的通知.pdf,10_政策与目录/政策数据库/企策顾问/申报通知/宁波市/高新/2025-04-24__转发《关于组织开展2025年度高新技术企业认定工作的通知》的通知__99becf511c3d4ffd8a73b4226cc1e3e7/附件/甬高企认领办[2025]2号关于组织开展2025年度高新技术企业认定工作的通知.pdf,827322847d28f2de56415812c53c23f27f7bac154150333022d0471363da27a5,1,10_政策与目录/政策数据库/企策顾问/申报通知/宁波市/高新/2025-04-24__转发《关于组织开展2025年度高新技术企业认定工作的通知》的通知__99becf511c3d4ffd8a73b4226cc1e3e7/附件/甬高企认领办[2025]2号关于组织开展2025年度高新技术企业认定工作的通知.pdf
P0,2025—2026年申报通知,/Volumes/知识库/_云端知识库/10_政策与目录/政策数据库/企策顾问/申报通知/杭州市/人才项目/2025-07-18__杭州市科学技术局关于做好2025年度杭州市自然科学研究（实验技术）人员中级职称评审和副高级资格推荐工作的通知__0546ab2264294776a3b489207789808f/附件/杭州市科学技术局关于做好2025年度杭州市自然科学研究（实验技术）人员中级职称评审和副高级资格推荐工作的通知.pdf,10_政策与目录/政策数据库/企策顾问/申报通知/杭州市/人才项目/2025-07-18__杭州市科学技术局关于做好2025年度杭州市自然科学研究（实验技术）人员中级职称评审和副高级资格推荐工作的通知__0546ab2264294776a3b489207789808f/附件/杭州市科学技术局关于做好2025年度杭州市自然科学研究（实验技术）人员中级职称评审和副高级资格推荐工作的通知.pdf,fed8edff8281ea03e2518dab9c7f79fb23e8cf925e3d091ba76f93262d7e6ccf,1,10_政策与目录/政策数据库/企策顾问/申报通知/杭州市/人才项目/2025-07-18__杭州市科学技术局关于做好2025年度杭州市自然科学研究（实验技术）人员中级职称评审和副高级资格推荐工作的通知__0546ab2264294776a3b489207789808f/附件/杭州市科学技术局关于做好2025年度杭州市自然科学研究（实验技术）人员中级职称评审和副高级资格推荐工作的通知.pdf
P0,2025—2026年申报通知,/Volumes/知识库/_云端知识库/10_政策与目录/政策数据库/企策顾问/申报通知/杭州市/综合政策/2025-07-04__关于开展杭州市农业与社会发展领域重点科研项目2025年中期检查工作的通知__5fd6942a33f448018dc51ce445ce8fd3/附件/关于开展杭州市农业与社会发展领域重点科研项目2025年中期检查工作的通知.pdf,10_政策与目录/政策数据库/企策顾问/申报通知/杭州市/综合政策/2025-07-04__关于开展杭州市农业与社会发展领域重点科研项目2025年中期检查工作的通知__5fd6942a33f448018dc51ce445ce8fd3/附件/关于开展杭州市农业与社会发展领域重点科研项目2025年中期检查工作的通知.pdf,9d8c1bddbfedb21c8c36708f15916fb729e8d67a4ed263df8befecb6d4315025,1,10_政策与目录/政策数据库/企策顾问/申报通知/杭州市/综合政策/2025-07-04__关于开展杭州市农业与社会发展领域重点科研项目2025年中期检查工作的通知__5fd6942a33f448018dc51ce445ce8fd3/附件/关于开展杭州市农业与社会发展领域重点科研项目2025年中期检查工作的通知.pdf
P0,2025—2026年申报通知,/Volumes/知识库/_云端知识库/10_政策与目录/政策数据库/企策顾问/申报通知/杭州市/综合政策/2025-09-04__2025年度“杭州市信用管理示范企业”开始申报啦__2407a4945bfb4902abff2cccddcdcf91/附件/GB T 23794-2023 企业信用评价指标.pdf,10_政策与目录/政策数据库/企策顾问/申报通知/杭州市/综合政策/2025-09-04__2025年度“杭州市信用管理示范企业”开始申报啦__2407a4945bfb4902abff2cccddcdcf91/附件/GB T 23794-2023 企业信用评价指标.pdf,8f90b8a82fe4e6ac5553168c6b99a44ab937dee71b4d3242a6099855fcf25fc3,1,10_政策与目录/政策数据库/企策顾问/申报通知/杭州市/综合政策/2025-09-04__2025年度“杭州市信用管理示范企业”开始申报啦__2407a4945bfb4902abff2cccddcdcf91/附件/GB T 23794-2023 企业信用评价指标.pdf
P0,2025—2026年申报通知,/Volumes/知识库/_云端知识库/10_政策与目录/政策数据库/企策顾问/申报通知/杭州市/综合政策/2025-09-04__2025年度“杭州市信用管理示范企业”开始申报啦__2407a4945bfb4902abff2cccddcdcf91/附件/GB T 31950-2023 企业诚信管理体系 要求.pdf,10_政策与目录/政策数据库/企策顾问/申报通知/杭州市/综合政策/2025-09-04__2025年度“杭州市信用管理示范企业”开始申报啦__2407a4945bfb4902abff2cccddcdcf91/附件/GB T 31950-2023 企业诚信管理体系 要求.pdf,cfca072d4065621cf957ed66b65e6868575349dd13f58e8ec0ff354e9b4dedce,1,10_政策与目录/政策数据库/企策顾问/申报通知/杭州市/综合政策/2025-09-04__2025年度“杭州市信用管理示范企业”开始申报啦__2407a4945bfb4902abff2cccddcdcf91/附件/GB T 31950-2023 企业诚信管理体系 要求.pdf
P0,2025—2026年申报通知,/Volumes/知识库/_云端知识库/10_政策与目录/政策数据库/企策顾问/申报通知/杭州市/综合政策/2025-11-17__关于组织开展2025年杭州市生物医药及合成生物产业高质量发展专项申报工作的通知（第二批）__5298045039a74c47b728e47428e72c1a/附件/附件：杭州市经信局（市数字经济局）关于组织开展2025年杭州市生物医药及合成生物产业高质量发展专项申报工作的通知（第二批）.pdf,10_政策与目录/政策数据库/企策顾问/申报通知/杭州市/综合政策/2025-11-17__关于组织开展2025年杭州市生物医药及合成生物产业高质量发展专项申报工作的通知（第二批）__5298045039a74c47b728e47428e72c1a/附件/附件：杭州市经信局（市数字经济局）关于组织开展2025年杭州市生物医药及合成生物产业高质量发展专项申报工作的通知（第二批）.pdf,c86af9e8b6453bd07909d862caab867f192587b9e5d2a2d471437a14cbcfbb18,1,10_政策与目录/政策数据库/企策顾问/申报通知/杭州市/综合政策/2025-11-17__关于组织开展2025年杭州市生物医药及合成生物产业高质量发展专项申报工作的通知（第二批）__5298045039a74c47b728e47428e72c1a/附件/附件：杭州市经信局（市数字经济局）关于组织开展2025年杭州市生物医药及合成生物产业高质量发展专项申报工作的通知（第二批）.pdf
P0,2025—2026年申报通知,/Volumes/知识库/_云端知识库/10_政策与目录/政策数据库/企策顾问/申报通知/杭州市/综合政策/2026-05-19__通知_关于组织开展2026年度省级工业设计中心认定和复核的通知__3e1dfda874a84e088562ead6e4e0f680/附件/【浙江省经信厅】关于组织开展2026年度省级工业设计中心认定和复核的通知.pdf,10_政策与目录/政策数据库/企策顾问/申报通知/杭州市/综合政策/2026-05-19__通知_关于组织开展2026年度省级工业设计中心认定和复核的通知__3e1dfda874a84e088562ead6e4e0f680/附件/【浙江省经信厅】关于组织开展2026年度省级工业设计中心认定和复核的通知.pdf,fd27f9399b6a1d8a08926a9499a3fa0c955ba409f11bf123924e41522d3a6ffb,1,10_政策与目录/政策数据库/企策顾问/申报通知/杭州市/综合政策/2026-05-19__通知_关于组织开展2026年度省级工业设计中心认定和复核的通知__3e1dfda874a84e088562ead6e4e0f680/附件/【浙江省经信厅】关于组织开展2026年度省级工业设计中心认定和复核的通知.pdf
P0,2025—2026年申报通知,/Volumes/知识库/_云端知识库/10_政策与目录/政策数据库/企策顾问/申报通知/杭州市/软件与数字经济/2025-05-27__杭州市科学技术局关于开展2022年人工智能重大科技创新项目政策兑现工作的通知__9b8c1cd5709349228788653f586048ec/附件/杭州市科学技术局关于开展2022年人工智能重大科技创新项目政策兑现工作的通知.pdf,10_政策与目录/政策数据库/企策顾问/申报通知/杭州市/软件与数字经济/2025-05-27__杭州市科学技术局关于开展2022年人工智能重大科技创新项目政策兑现工作的通知__9b8c1cd5709349228788653f586048ec/附件/杭州市科学技术局关于开展2022年人工智能重大科技创新项目政策兑现工作的通知.pdf,cf1d82f48f0dbca60530d9284250f2e94cddd3512fea938f0cbe043bfce8bd69,1,10_政策与目录/政策数据库/企策顾问/申报通知/杭州市/软件与数字经济/2025-05-27__杭州市科学技术局关于开展2022年人工智能重大科技创新项目政策兑现工作的通知__9b8c1cd5709349228788653f586048ec/附件/杭州市科学技术局关于开展2022年人工智能重大科技创新项目政策兑现工作的通知.pdf
P0,2025—2026年申报通知,/Volumes/知识库/_云端知识库/10_政策与目录/政策数据库/企策顾问/申报通知/杭州市/软件与数字经济/2025-07-28__杭州市经济和信息化局（杭州市数字经济局）关于做好2025年度杭州市制造业专业工程师资格评审工作的通知__88d95c56a71040648c093386c824ee1f/附件/杭州市经济和信息化局（杭州市数字经济局）关于做好2025年度杭州市制造业专业工程师资格评审工作的通知（杭经信人事【2025】76号）.pdf,10_政策与目录/政策数据库/企策顾问/申报通知/杭州市/软件与数字经济/2025-07-28__杭州市经济和信息化局（杭州市数字经济局）关于做好2025年度杭州市制造业专业工程师资格评审工作的通知__88d95c56a71040648c093386c824ee1f/附件/杭州市经济和信息化局（杭州市数字经济局）关于做好2025年度杭州市制造业专业工程师资格评审工作的通知（杭经信人事【2025】76号）.pdf,7cc243cac6b1d628483bb5457538158a3c42badba6b6b540b69f3c2113ccde1d,1,10_政策与目录/政策数据库/企策顾问/申报通知/杭州市/软件与数字经济/2025-07-28__杭州市经济和信息化局（杭州市数字经济局）关于做好2025年度杭州市制造业专业工程师资格评审工作的通知__88d95c56a71040648c093386c824ee1f/附件/杭州市经济和信息化局（杭州市数字经济局）关于做好2025年度杭州市制造业专业工程师资格评审工作的通知（杭经信人事【2025】76号）.pdf
P0,2025—2026年申报通知,/Volumes/知识库/_云端知识库/10_政策与目录/政策数据库/企策顾问/申报通知/杭州市/软件与数字经济/2025-07-31__市经信局（市数字经济局）市市场监管局关于组织开展2025年杭州市合成生物产业高质量发展专项申报工作的通知__b6e498bb51d3483c946993cbf30260ff/附件/市经信局（市数字经济局） 市市场监管局关于组织开展2025年杭州市合成生物产业高质量发展专项申报工作的通知.pdf,10_政策与目录/政策数据库/企策顾问/申报通知/杭州市/软件与数字经济/2025-07-31__市经信局（市数字经济局）市市场监管局关于组织开展2025年杭州市合成生物产业高质量发展专项申报工作的通知__b6e498bb51d3483c946993cbf30260ff/附件/市经信局（市数字经济局） 市市场监管局关于组织开展2025年杭州市合成生物产业高质量发展专项申报工作的通知.pdf,4234b442c0f6867348513af8304fa040d751d25602f662e9b7077325b1c12759,1,10_政策与目录/政策数据库/企策顾问/申报通知/杭州市/软件与数字经济/2025-07-31__市经信局（市数字经济局）市市场监管局关于组织开展2025年杭州市合成生物产业高质量发展专项申报工作的通知__b6e498bb51d3483c946993cbf30260ff/附件/市经信局（市数字经济局） 市市场监管局关于组织开展2025年杭州市合成生物产业高质量发展专项申报工作的通知.pdf
P0,2025—2026年申报通知,/Volumes/知识库/_云端知识库/10_政策与目录/政策数据库/企策顾问/申报通知/杭州市/软件与数字经济/2025-08-07__杭州市经济和信息化局（杭州市数字经济局）关于开展2025年度杭州市化工轻纺专业高级工程师职务任职资格评审工作的通知__4c86f25a17fb4ed88bd5cca361f4467e/附件/杭州市经济和信息化局（杭州市数字经济局）关于开展2025年度杭州市化工轻纺专业高级工程师职务任职资格评审工作的通知.pdf,10_政策与目录/政策数据库/企策顾问/申报通知/杭州市/软件与数字经济/2025-08-07__杭州市经济和信息化局（杭州市数字经济局）关于开展2025年度杭州市化工轻纺专业高级工程师职务任职资格评审工作的通知__4c86f25a17fb4ed88bd5cca361f4467e/附件/杭州市经济和信息化局（杭州市数字经济局）关于开展2025年度杭州市化工轻纺专业高级工程师职务任职资格评审工作的通知.pdf,754165f261abbc7cc8b1d6e324821f2a77cc089ce4f6b65d3643e7a0bd352f76,1,10_政策与目录/政策数据库/企策顾问/申报通知/杭州市/软件与数字经济/2025-08-07__杭州市经济和信息化局（杭州市数字经济局）关于开展2025年度杭州市化工轻纺专业高级工程师职务任职资格评审工作的通知__4c86f25a17fb4ed88bd5cca361f4467e/附件/杭州市经济和信息化局（杭州市数字经济局）关于开展2025年度杭州市化工轻纺专业高级工程师职务任职资格评审工作的通知.pdf
P0,2025—2026年申报通知,/Volumes/知识库/_云端知识库/10_政策与目录/政策数据库/企策顾问/申报通知/杭州市/软件与数字经济/2025-08-11__杭州市经济和信息化局（杭州市数字经济局）关于做好2025下半年度杭州市制造业领域国际职业资格比照认定职称工作的通知__c4c6727535bd48a3b046296a0cf3e664/附件/杭州市经济和信息化局关于做好2025下半年度杭州市制造业领域国际职业资格比照认定职称工作的通知.pdf,10_政策与目录/政策数据库/企策顾问/申报通知/杭州市/软件与数字经济/2025-08-11__杭州市经济和信息化局（杭州市数字经济局）关于做好2025下半年度杭州市制造业领域国际职业资格比照认定职称工作的通知__c4c6727535bd48a3b046296a0cf3e664/附件/杭州市经济和信息化局关于做好2025下半年度杭州市制造业领域国际职业资格比照认定职称工作的通知.pdf,16764c32a4a2f4077c98b111ae1cdfaf896dbd8ac16677a3f8a1a0c42ea08fc8,1,10_政策与目录/政策数据库/企策顾问/申报通知/杭州市/软件与数字经济/2025-08-11__杭州市经济和信息化局（杭州市数字经济局）关于做好2025下半年度杭州市制造业领域国际职业资格比照认定职称工作的通知__c4c6727535bd48a3b046296a0cf3e664/附件/杭州市经济和信息化局关于做好2025下半年度杭州市制造业领域国际职业资格比照认定职称工作的通知.pdf
P0,2025—2026年申报通知,/Volumes/知识库/_云端知识库/10_政策与目录/政策数据库/企策顾问/申报通知/杭州市/首台套/2025-12-24__关于开展杭州市市级首台（套）装备保险补偿和应用奖励申报工作的通知__d94d089e243b441faf73ea0de698edb2/附件/关于开展2025年杭州市市级首台（套）装备保险补偿和应用奖励申报工作的通知 (1).pdf,10_政策与目录/政策数据库/企策顾问/申报通知/杭州市/首台套/2025-12-24__关于开展杭州市市级首台（套）装备保险补偿和应用奖励申报工作的通知__d94d089e243b441faf73ea0de698edb2/附件/关于开展2025年杭州市市级首台（套）装备保险补偿和应用奖励申报工作的通知 (1).pdf,61eb8c5b2de13a77f4033548202e0d9326fee8956eb8772cb8503276165996cf,1,10_政策与目录/政策数据库/企策顾问/申报通知/杭州市/首台套/2025-12-24__关于开展杭州市市级首台（套）装备保险补偿和应用奖励申报工作的通知__d94d089e243b441faf73ea0de698edb2/附件/关于开展2025年杭州市市级首台（套）装备保险补偿和应用奖励申报工作的通知 (1).pdf
P0,2025—2026年申报通知,/Volumes/知识库/_云端知识库/10_政策与目录/政策数据库/企策顾问/申报通知/杭州市/首批次/2025-09-26__市经信局（市数字经济局）关于开展2025年杭州市首批次新材料应用奖励申报工作的通知__6a3ba91a9ec64f89995de695e1e060f5/附件/关于开展2025年杭州市首批次新材料应用奖励申报工作的通知（盖章版）.pdf,10_政策与目录/政策数据库/企策顾问/申报通知/杭州市/首批次/2025-09-26__市经信局（市数字经济局）关于开展2025年杭州市首批次新材料应用奖励申报工作的通知__6a3ba91a9ec64f89995de695e1e060f5/附件/关于开展2025年杭州市首批次新材料应用奖励申报工作的通知（盖章版）.pdf,37a6c2ac0688a5bf4a3da17105993b1fb1c3a26be85f3dedcef3ec94b8e36a0a,1,10_政策与目录/政策数据库/企策顾问/申报通知/杭州市/首批次/2025-09-26__市经信局（市数字经济局）关于开展2025年杭州市首批次新材料应用奖励申报工作的通知__6a3ba91a9ec64f89995de695e1e060f5/附件/关于开展2025年杭州市首批次新材料应用奖励申报工作的通知（盖章版）.pdf
P0,2025—2026年申报通知,/Volumes/知识库/_云端知识库/10_政策与目录/政策数据库/企策顾问/申报通知/绍兴市/综合政策/2025-11-05__关于开展专利申请预审服务备案主体预备案及代理机构预登记工作的通知__ea8a2972fbc042dc8177ab52ff2bb31c/附件/关于开展专利申请预审服务备案主体预备案及代理机构预登记工作的通知.pdf,10_政策与目录/政策数据库/企策顾问/申报通知/绍兴市/综合政策/2025-11-05__关于开展专利申请预审服务备案主体预备案及代理机构预登记工作的通知__ea8a2972fbc042dc8177ab52ff2bb31c/附件/关于开展专利申请预审服务备案主体预备案及代理机构预登记工作的通知.pdf,4e387513274d963ce3255f6fa73d56c38b3ee17c0f1e6b72f282aac721487205,1,10_政策与目录/政策数据库/企策顾问/申报通知/绍兴市/综合政策/2025-11-05__关于开展专利申请预审服务备案主体预备案及代理机构预登记工作的通知__ea8a2972fbc042dc8177ab52ff2bb31c/附件/关于开展专利申请预审服务备案主体预备案及代理机构预登记工作的通知.pdf
P0,2025—2026年申报通知,/Volumes/知识库/_云端知识库/10_政策与目录/政策数据库/企策顾问/申报通知/金华市/人才项目/2025-07-28__金华市科学技术局关于开展2025年度自然科学研究系列中、高级专业技术职务任职资格申报工作的通知__7dc3acc858784144871d73c09e343fdd/附件/浙江省人力资源和社会保障厅 浙江省科学技术厅关于印发《浙江省自然科学研究系列中、高级专业技术资格评价条件（试行）》的通知浙江省人力资源和社会保障厅 浙江省科学技术厅关于印.pdf,10_政策与目录/政策数据库/企策顾问/申报通知/金华市/人才项目/2025-07-28__金华市科学技术局关于开展2025年度自然科学研究系列中、高级专业技术职务任职资格申报工作的通知__7dc3acc858784144871d73c09e343fdd/附件/浙江省人力资源和社会保障厅 浙江省科学技术厅关于印发《浙江省自然科学研究系列中、高级专业技术资格评价条件（试行）》的通知浙江省人力资源和社会保障厅 浙江省科学技术厅关于印.pdf,9faff3b4dc6325d396f82c9f4422cef13092afbb5a34445421d718e127cad723,1,10_政策与目录/政策数据库/企策顾问/申报通知/金华市/人才项目/2025-07-28__金华市科学技术局关于开展2025年度自然科学研究系列中、高级专业技术职务任职资格申报工作的通知__7dc3acc858784144871d73c09e343fdd/附件/浙江省人力资源和社会保障厅 浙江省科学技术厅关于印发《浙江省自然科学研究系列中、高级专业技术资格评价条件（试行）》的通知浙江省人力资源和社会保障厅 浙江省科学技术厅关于印.pdf
P0,2025—2026年申报通知,/Volumes/知识库/_云端知识库/10_政策与目录/政策数据库/企策顾问/申报通知/金华市/综合政策/2025-02-10__金华市科学技术局关于申报2023年度市区企业研发投入补助的通知__f8944096a3bf4708bfbaff75f1d2fb35/附件/金华市科学技术局关于申报2023年度市区企业研发投入补助的通知.pdf,10_政策与目录/政策数据库/企策顾问/申报通知/金华市/综合政策/2025-02-10__金华市科学技术局关于申报2023年度市区企业研发投入补助的通知__f8944096a3bf4708bfbaff75f1d2fb35/附件/金华市科学技术局关于申报2023年度市区企业研发投入补助的通知.pdf,c09b302bc90495170c96023f133a46a9392c393c85134c87a06b240474ec8240,1,10_政策与目录/政策数据库/企策顾问/申报通知/金华市/综合政策/2025-02-10__金华市科学技术局关于申报2023年度市区企业研发投入补助的通知__f8944096a3bf4708bfbaff75f1d2fb35/附件/金华市科学技术局关于申报2023年度市区企业研发投入补助的通知.pdf
P0,管理办法或认定规则,/Volumes/知识库/_云端知识库/10_政策与目录/浙江省经济和信息化厅 浙江省财政厅关于组织实施生产制造方式转型示范项目计划的通知/关于印发《嘉兴市首批次新材料认定管理办法》的通知（嘉经信产业〔2024〕11号）.pdf.pdf,10_政策与目录/浙江省经济和信息化厅 浙江省财政厅关于组织实施生产制造方式转型示范项目计划的通知/关于印发《嘉兴市首批次新材料认定管理办法》的通知（嘉经信产业〔2024〕11号）.pdf.pdf,fa1dee39586c08b96a4ecf69ee5c9fd11e187767121452a0e17fb5a04417530e,1,10_政策与目录/浙江省经济和信息化厅 浙江省财政厅关于组织实施生产制造方式转型示范项目计划的通知/关于印发《嘉兴市首批次新材料认定管理办法》的通知（嘉经信产业〔2024〕11号）.pdf.pdf
P0,管理办法或认定规则,/Volumes/知识库/_云端知识库/10_政策与目录/综合政策/04-杭州市企业高新技术研究开发中心管理办法.pdf,10_政策与目录/综合政策/04-杭州市企业高新技术研究开发中心管理办法.pdf,f5bbdd35c6457aa26d51e85ac263db6c69dd147bea39f889a7b1f754be35e06c,1,10_政策与目录/综合政策/04-杭州市企业高新技术研究开发中心管理办法.pdf
P1,公示、认定或复核名单,/Volumes/知识库/_云端知识库/10_政策与目录/政策数据库/企策顾问/公示公告/宁波市/人才项目/2025-05-30__浙江省经济和信息化厅浙江省人力资源和社会保障厅关于公布傅国松等26人具有正高级工艺美术师职务任职资格的通知__c1186981daab4be78e96d28adee959bf/附件/浙江省正高级工艺美术师职务任职资格评审委员会评审通过具有正高级工艺美术师职务任职资格人员名单.pdf,10_政策与目录/政策数据库/企策顾问/公示公告/宁波市/人才项目/2025-05-30__浙江省经济和信息化厅浙江省人力资源和社会保障厅关于公布傅国松等26人具有正高级工艺美术师职务任职资格的通知__c1186981daab4be78e96d28adee959bf/附件/浙江省正高级工艺美术师职务任职资格评审委员会评审通过具有正高级工艺美术师职务任职资格人员名单.pdf,26fc43cc5cd97ae43a5d6639305d9adf6c2a8bb8f278b5639e3303e5a3ea805f,4,10_政策与目录/政策数据库/企策顾问/公示公告/宁波市/人才项目/2025-05-30__浙江省经济和信息化厅浙江省人力资源和社会保障厅关于公布傅国松等26人具有正高级工艺美术师职务任职资格的通知__c1186981daab4be78e96d28adee959bf/附件/浙江省正高级工艺美术师职务任职资格评审委员会评审通过具有正高级工艺美术师职务任职资格人员名单.pdf | 10_政策与目录/政策数据库/企策顾问/公示公告/杭州市/人才项目/2025-05-30__浙江省经济和信息化厅浙江省人力资源和社会保障厅关于公布傅国松等26人具有正高级工艺美术师职务任职资格的通知__c1186981daab4be78e96d28adee959bf/附件/浙江省正高级工艺美术师职务任职资格评审委员会评审通过具有正高级工艺美术师职务任职资格人员名单.pdf | 10_政策与目录/政策数据库/企策顾问/公示公告/绍兴市/人才项目/2025-05-30__浙江省经济和信息化厅浙江省人力资源和社会保障厅关于公布傅国松等26人具有正高级工艺美术师职务任职资格的通知__c1186981daab4be78e96d28adee959bf/附件/浙江省正高级工艺美术师职务任职资格评审委员会评审通过具有正高级工艺美术师职务任职资格人员名单.pdf | 10_政策与目录/政策数据库/企策顾问/公示公告/金华市/人才项目/2025-05-30__浙江省经济和信息化厅浙江省人力资源和社会保障厅关于公布傅国松等26人具有正高级工艺美术师职务任职资格的通知__c1186981daab4be78e96d28adee959bf/附件/浙江省正高级工艺美术师职务任职资格评审委员会评审通过具有正高级工艺美术师职务任职资格人员名单.pdf
P1,公示、认定或复核名单,/Volumes/知识库/_云端知识库/10_政策与目录/政策数据库/企策顾问/公示公告/宁波市/优质中小企业梯度培育/2025-10-20__关于宁波市第七批专精特新“小巨人”企业和2025年专精特新“小巨人”复核通过企业名单的公示__c853f8f533f942c4bfe5d9e407ef6fbb/附件/公示附件名单.pdf,10_政策与目录/政策数据库/企策顾问/公示公告/宁波市/优质中小企业梯度培育/2025-10-20__关于宁波市第七批专精特新“小巨人”企业和2025年专精特新“小巨人”复核通过企业名单的公示__c853f8f533f942c4bfe5d9e407ef6fbb/附件/公示附件名单.pdf,51f996f40668574a089ffd16c4b563cbd44e5cab702e68cbf12e4b9589c03763,1,10_政策与目录/政策数据库/企策顾问/公示公告/宁波市/优质中小企业梯度培育/2025-10-20__关于宁波市第七批专精特新“小巨人”企业和2025年专精特新“小巨人”复核通过企业名单的公示__c853f8f533f942c4bfe5d9e407ef6fbb/附件/公示附件名单.pdf
P1,公示、认定或复核名单,/Volumes/知识库/_云端知识库/10_政策与目录/政策数据库/企策顾问/公示公告/宁波市/优质中小企业梯度培育/2025-10-28__关于第九批制造业单项冠军企业和复核通过第三批、第六批制造业单项冠军企业名单的公示__752f9a21b577452ab373a9797dc266cd/附件/附件1.pdf,10_政策与目录/政策数据库/企策顾问/公示公告/宁波市/优质中小企业梯度培育/2025-10-28__关于第九批制造业单项冠军企业和复核通过第三批、第六批制造业单项冠军企业名单的公示__752f9a21b577452ab373a9797dc266cd/附件/附件1.pdf,e8b604ec8f0d60bec1b2697e34916471609948370cc067307d191a8d86c92a03,1,10_政策与目录/政策数据库/企策顾问/公示公告/宁波市/优质中小企业梯度培育/2025-10-28__关于第九批制造业单项冠军企业和复核通过第三批、第六批制造业单项冠军企业名单的公示__752f9a21b577452ab373a9797dc266cd/附件/附件1.pdf
P1,公示、认定或复核名单,/Volumes/知识库/_云端知识库/10_政策与目录/政策数据库/企策顾问/公示公告/宁波市/优质中小企业梯度培育/2025-10-28__关于第九批制造业单项冠军企业和复核通过第三批、第六批制造业单项冠军企业名单的公示__752f9a21b577452ab373a9797dc266cd/附件/附件2.pdf,10_政策与目录/政策数据库/企策顾问/公示公告/宁波市/优质中小企业梯度培育/2025-10-28__关于第九批制造业单项冠军企业和复核通过第三批、第六批制造业单项冠军企业名单的公示__752f9a21b577452ab373a9797dc266cd/附件/附件2.pdf,66ea99700c849bb9635f75f97fff68473e86ae630104b3735b4e32721bf7d80c,1,10_政策与目录/政策数据库/企策顾问/公示公告/宁波市/优质中小企业梯度培育/2025-10-28__关于第九批制造业单项冠军企业和复核通过第三批、第六批制造业单项冠军企业名单的公示__752f9a21b577452ab373a9797dc266cd/附件/附件2.pdf
P1,公示、认定或复核名单,/Volumes/知识库/_云端知识库/10_政策与目录/政策数据库/企策顾问/公示公告/宁波市/优质中小企业梯度培育/2026-03-20__关于公布2025年度复核通过及新认定第二批宁波市专精特新中小企业名单的通知__d7a8de7108244da48b758cb588019253/附件/[附件下载].pdf,10_政策与目录/政策数据库/企策顾问/公示公告/宁波市/优质中小企业梯度培育/2026-03-20__关于公布2025年度复核通过及新认定第二批宁波市专精特新中小企业名单的通知__d7a8de7108244da48b758cb588019253/附件/[附件下载].pdf,57af89a8d644d5dd9fc4e36d309f59de710a3e38fe39e4482025efbbed499152,1,10_政策与目录/政策数据库/企策顾问/公示公告/宁波市/优质中小企业梯度培育/2026-03-20__关于公布2025年度复核通过及新认定第二批宁波市专精特新中小企业名单的通知__d7a8de7108244da48b758cb588019253/附件/[附件下载].pdf
P1,公示、认定或复核名单,/Volumes/知识库/_云端知识库/10_政策与目录/政策数据库/企策顾问/公示公告/宁波市/优质中小企业梯度培育/2026-04-03__关于公布宁波市2025年度上规模小微企业名单的通知__6a126527a75a410cbe2f1969552ebcab/附件/[附件下载].pdf,10_政策与目录/政策数据库/企策顾问/公示公告/宁波市/优质中小企业梯度培育/2026-04-03__关于公布宁波市2025年度上规模小微企业名单的通知__6a126527a75a410cbe2f1969552ebcab/附件/[附件下载].pdf,0d680f207f2e125e0b7ad8817ff086fc69f0be14e7330bb8eca5e2ccec4d262c,1,10_政策与目录/政策数据库/企策顾问/公示公告/宁波市/优质中小企业梯度培育/2026-04-03__关于公布宁波市2025年度上规模小微企业名单的通知__6a126527a75a410cbe2f1969552ebcab/附件/[附件下载].pdf
P1,公示、认定或复核名单,/Volumes/知识库/_云端知识库/10_政策与目录/政策数据库/企策顾问/公示公告/宁波市/全省重点实验室/2025-02-12__关于公布2025年度宁波市重点实验室（A类）名单的通知__b05b1f92b50840e89b4e8a0617c2a8e6/附件/关于公布2025年度宁波市重点实验室（A类）名单的通知.pdf,10_政策与目录/政策数据库/企策顾问/公示公告/宁波市/全省重点实验室/2025-02-12__关于公布2025年度宁波市重点实验室（A类）名单的通知__b05b1f92b50840e89b4e8a0617c2a8e6/附件/关于公布2025年度宁波市重点实验室（A类）名单的通知.pdf,4374d941926e2e5e1c4317dab719d0c2595984819feaf24b287343bc0424afbe,1,10_政策与目录/政策数据库/企策顾问/公示公告/宁波市/全省重点实验室/2025-02-12__关于公布2025年度宁波市重点实验室（A类）名单的通知__b05b1f92b50840e89b4e8a0617c2a8e6/附件/关于公布2025年度宁波市重点实验室（A类）名单的通知.pdf
P1,公示、认定或复核名单,/Volumes/知识库/_云端知识库/10_政策与目录/政策数据库/企策顾问/公示公告/宁波市/技术改造和未来工厂/2025-05-29__关于公布2024年度宁波市数字化车间_智能工厂项目的通知__310f58756d014ec3a51183f898273374/附件/[附件下载].pdf,10_政策与目录/政策数据库/企策顾问/公示公告/宁波市/技术改造和未来工厂/2025-05-29__关于公布2024年度宁波市数字化车间_智能工厂项目的通知__310f58756d014ec3a51183f898273374/附件/[附件下载].pdf,e8eccdc9ce7bdea5ffb9e349db3add37159ede97fa0943edbf95df537877fe55,1,10_政策与目录/政策数据库/企策顾问/公示公告/宁波市/技术改造和未来工厂/2025-05-29__关于公布2024年度宁波市数字化车间_智能工厂项目的通知__310f58756d014ec3a51183f898273374/附件/[附件下载].pdf
P1,公示、认定或复核名单,/Volumes/知识库/_云端知识库/10_政策与目录/政策数据库/企策顾问/公示公告/宁波市/研究院/2025-07-16__关于公布宁波市高性能刀具创新中心等3家制造业创新中心验收评估结果的通知__7f4dbab71ffb41698b115eb0c8b4bc6f/附件/[附件下载].pdf,10_政策与目录/政策数据库/企策顾问/公示公告/宁波市/研究院/2025-07-16__关于公布宁波市高性能刀具创新中心等3家制造业创新中心验收评估结果的通知__7f4dbab71ffb41698b115eb0c8b4bc6f/附件/[附件下载].pdf,c40453cf711712026ff99a227f6237420fe2e208b2890e5668704ecf84b8c80c,1,10_政策与目录/政策数据库/企策顾问/公示公告/宁波市/研究院/2025-07-16__关于公布宁波市高性能刀具创新中心等3家制造业创新中心验收评估结果的通知__7f4dbab71ffb41698b115eb0c8b4bc6f/附件/[附件下载].pdf
P1,公示、认定或复核名单,/Volumes/知识库/_云端知识库/10_政策与目录/政策数据库/企策顾问/公示公告/宁波市/科技计划/2025-12-30__浙江省科学技术厅关于下达2026年度“尖兵领雁+X”科技计划项目的通知__5b7bf8b7c220431181be47fd349ef779/附件/2026年度“尖兵领雁+X”科技计划立项项目清单.pdf,10_政策与目录/政策数据库/企策顾问/公示公告/宁波市/科技计划/2025-12-30__浙江省科学技术厅关于下达2026年度“尖兵领雁+X”科技计划项目的通知__5b7bf8b7c220431181be47fd349ef779/附件/2026年度“尖兵领雁+X”科技计划立项项目清单.pdf,49205fc43d43610c1b4c0358b419a0efd3d23fa176047c1d6a9e1381db255b09,4,10_政策与目录/政策数据库/企策顾问/公示公告/宁波市/科技计划/2025-12-30__浙江省科学技术厅关于下达2026年度“尖兵领雁+X”科技计划项目的通知__5b7bf8b7c220431181be47fd349ef779/附件/2026年度“尖兵领雁+X”科技计划立项项目清单.pdf | 10_政策与目录/政策数据库/企策顾问/公示公告/杭州市/科技计划/2025-12-30__浙江省科学技术厅关于下达2026年度“尖兵领雁+X”科技计划项目的通知__5b7bf8b7c220431181be47fd349ef779/附件/2026年度“尖兵领雁+X”科技计划立项项目清单.pdf | 10_政策与目录/政策数据库/企策顾问/公示公告/绍兴市/科技计划/2025-12-30__浙江省科学技术厅关于下达2026年度“尖兵领雁+X”科技计划项目的通知__5b7bf8b7c220431181be47fd349ef779/附件/2026年度“尖兵领雁+X”科技计划立项项目清单.pdf | 10_政策与目录/政策数据库/企策顾问/公示公告/金华市/科技计划/2025-12-30__浙江省科学技术厅关于下达2026年度“尖兵领雁+X”科技计划项目的通知__5b7bf8b7c220431181be47fd349ef779/附件/2026年度“尖兵领雁+X”科技计划立项项目清单.pdf
P1,公示、认定或复核名单,/Volumes/知识库/_云端知识库/10_政策与目录/政策数据库/企策顾问/公示公告/宁波市/综合政策/2025-01-10__关于公布宁波市节水型企业（第十三批）名单的通知__ce4440b101154e2380dff95817e236a8/附件/[附件下载].pdf,10_政策与目录/政策数据库/企策顾问/公示公告/宁波市/综合政策/2025-01-10__关于公布宁波市节水型企业（第十三批）名单的通知__ce4440b101154e2380dff95817e236a8/附件/[附件下载].pdf,6315f7135d14f17318cdecd00f0e2ec382a2f12f7e38fbf90bf3ff4e7e4f10c1,1,10_政策与目录/政策数据库/企策顾问/公示公告/宁波市/综合政策/2025-01-10__关于公布宁波市节水型企业（第十三批）名单的通知__ce4440b101154e2380dff95817e236a8/附件/[附件下载].pdf
P1,公示、认定或复核名单,/Volumes/知识库/_云端知识库/10_政策与目录/政策数据库/企策顾问/公示公告/宁波市/综合政策/2025-01-21__关于拟认定2024年浙江省历史经典产业传承创新工作室名单的公示__5be9e686241449cf8463ae9a0aebaf18/附件/拟认定2024年浙江省历史经典产业传承创新工作室名单.pdf,10_政策与目录/政策数据库/企策顾问/公示公告/宁波市/综合政策/2025-01-21__关于拟认定2024年浙江省历史经典产业传承创新工作室名单的公示__5be9e686241449cf8463ae9a0aebaf18/附件/拟认定2024年浙江省历史经典产业传承创新工作室名单.pdf,4d751c07bfe69a202883dae190971f8d7c47cc380c99da855b6bf0980ac4a61c,4,10_政策与目录/政策数据库/企策顾问/公示公告/宁波市/综合政策/2025-01-21__关于拟认定2024年浙江省历史经典产业传承创新工作室名单的公示__5be9e686241449cf8463ae9a0aebaf18/附件/拟认定2024年浙江省历史经典产业传承创新工作室名单.pdf | 10_政策与目录/政策数据库/企策顾问/公示公告/杭州市/综合政策/2025-01-21__关于拟认定2024年浙江省历史经典产业传承创新工作室名单的公示__5be9e686241449cf8463ae9a0aebaf18/附件/拟认定2024年浙江省历史经典产业传承创新工作室名单.pdf | 10_政策与目录/政策数据库/企策顾问/公示公告/绍兴市/综合政策/2025-01-21__关于拟认定2024年浙江省历史经典产业传承创新工作室名单的公示__5be9e686241449cf8463ae9a0aebaf18/附件/拟认定2024年浙江省历史经典产业传承创新工作室名单.pdf | 10_政策与目录/政策数据库/企策顾问/公示公告/金华市/综合政策/2025-01-21__关于拟认定2024年浙江省历史经典产业传承创新工作室名单的公示__5be9e686241449cf8463ae9a0aebaf18/附件/拟认定2024年浙江省历史经典产业传承创新工作室名单.pdf
P1,公示、认定或复核名单,/Volumes/知识库/_云端知识库/10_政策与目录/政策数据库/企策顾问/公示公告/宁波市/综合政策/2025-03-14__关于2024年度宁波市海洋经济“十佳”企业拟入榜名单的公示__17c010e83570453e8e8e4feb6587c17e/附件/2024年度宁波市海洋经济“十佳”企业建议名单.pdf,10_政策与目录/政策数据库/企策顾问/公示公告/宁波市/综合政策/2025-03-14__关于2024年度宁波市海洋经济“十佳”企业拟入榜名单的公示__17c010e83570453e8e8e4feb6587c17e/附件/2024年度宁波市海洋经济“十佳”企业建议名单.pdf,1388eb3442b449b671af07fb5cec934450b05c9feacc85f594cd9e0f6901b6fd,1,10_政策与目录/政策数据库/企策顾问/公示公告/宁波市/综合政策/2025-03-14__关于2024年度宁波市海洋经济“十佳”企业拟入榜名单的公示__17c010e83570453e8e8e4feb6587c17e/附件/2024年度宁波市海洋经济“十佳”企业建议名单.pdf
P1,公示、认定或复核名单,/Volumes/知识库/_云端知识库/10_政策与目录/政策数据库/企策顾问/公示公告/宁波市/综合政策/2025-03-21__关于公布宁波市制造业企业数字化等级评价结果（第六批）的通知__8e70ba3c250e4aae82ddef2cb08e4467/附件/[附件下载].pdf,10_政策与目录/政策数据库/企策顾问/公示公告/宁波市/综合政策/2025-03-21__关于公布宁波市制造业企业数字化等级评价结果（第六批）的通知__8e70ba3c250e4aae82ddef2cb08e4467/附件/[附件下载].pdf,5ac69d7c186ac3e4590c6d5604ad1932f1d96e24a5b4fde82fed1774f734978f,1,10_政策与目录/政策数据库/企策顾问/公示公告/宁波市/综合政策/2025-03-21__关于公布宁波市制造业企业数字化等级评价结果（第六批）的通知__8e70ba3c250e4aae82ddef2cb08e4467/附件/[附件下载].pdf
P1,公示、认定或复核名单,/Volumes/知识库/_云端知识库/10_政策与目录/政策数据库/企策顾问/公示公告/宁波市/综合政策/2025-05-20__关于公布2024年度宁波市自愿清洁生产审核验收合格企业名单的通知__e146fcae419b4d32884794610871a906/附件/[附件下载].pdf,10_政策与目录/政策数据库/企策顾问/公示公告/宁波市/综合政策/2025-05-20__关于公布2024年度宁波市自愿清洁生产审核验收合格企业名单的通知__e146fcae419b4d32884794610871a906/附件/[附件下载].pdf,857998f19dfff5a1729e301741ea282cd9578b1c22918ab8df83015b02bc1d14,1,10_政策与目录/政策数据库/企策顾问/公示公告/宁波市/综合政策/2025-05-20__关于公布2024年度宁波市自愿清洁生产审核验收合格企业名单的通知__e146fcae419b4d32884794610871a906/附件/[附件下载].pdf
P1,公示、认定或复核名单,/Volumes/知识库/_云端知识库/10_政策与目录/政策数据库/企策顾问/公示公告/宁波市/综合政策/2025-05-28__关于公布宁波市制造业企业数字化等级评价结果（第八批）的通知__7a3d28905c7946229b69d7c30f218463/附件/[附件下载].pdf,10_政策与目录/政策数据库/企策顾问/公示公告/宁波市/综合政策/2025-05-28__关于公布宁波市制造业企业数字化等级评价结果（第八批）的通知__7a3d28905c7946229b69d7c30f218463/附件/[附件下载].pdf,9e2897a971891c68af030713f1f816812741b61a365b29329c2edd3a366db9dc,1,10_政策与目录/政策数据库/企策顾问/公示公告/宁波市/综合政策/2025-05-28__关于公布宁波市制造业企业数字化等级评价结果（第八批）的通知__7a3d28905c7946229b69d7c30f218463/附件/[附件下载].pdf
P1,公示、认定或复核名单,/Volumes/知识库/_云端知识库/10_政策与目录/政策数据库/企策顾问/公示公告/宁波市/综合政策/2025-06-11__关于公布宁波市中小企业公共服务平台及宁波市中小企业公共服务示范平台的通知__67c9f12ef4fb4d6db98e1a3486182de0/附件/[附件下载].pdf,10_政策与目录/政策数据库/企策顾问/公示公告/宁波市/综合政策/2025-06-11__关于公布宁波市中小企业公共服务平台及宁波市中小企业公共服务示范平台的通知__67c9f12ef4fb4d6db98e1a3486182de0/附件/[附件下载].pdf,411f085b4942bcda19e20dd8fd7282db1740479def0132e43ae8667f2a630bd4,1,10_政策与目录/政策数据库/企策顾问/公示公告/宁波市/综合政策/2025-06-11__关于公布宁波市中小企业公共服务平台及宁波市中小企业公共服务示范平台的通知__67c9f12ef4fb4d6db98e1a3486182de0/附件/[附件下载].pdf
P1,公示、认定或复核名单,/Volumes/知识库/_云端知识库/10_政策与目录/政策数据库/企策顾问/公示公告/宁波市/综合政策/2025-07-03__关于公布2025年度宁波市新能源及智能网联汽车关键零部件强链补链产品名单的通知__6e688de91aa0400394200a2dcbc38c5d/附件/[附件下载].pdf,10_政策与目录/政策数据库/企策顾问/公示公告/宁波市/综合政策/2025-07-03__关于公布2025年度宁波市新能源及智能网联汽车关键零部件强链补链产品名单的通知__6e688de91aa0400394200a2dcbc38c5d/附件/[附件下载].pdf,7bb7d0fdab8008a198385f2e5f729c5c077a6fc82c2a9b142e0297ee1f9030ff,1,10_政策与目录/政策数据库/企策顾问/公示公告/宁波市/综合政策/2025-07-03__关于公布2025年度宁波市新能源及智能网联汽车关键零部件强链补链产品名单的通知__6e688de91aa0400394200a2dcbc38c5d/附件/[附件下载].pdf
P1,公示、认定或复核名单,/Volumes/知识库/_云端知识库/10_政策与目录/政策数据库/企策顾问/公示公告/宁波市/综合政策/2025-07-18__2025年度浙江省工业设计职业资格考试成绩通过人员考后公示__8aa16ab6ca1e40189093b27eb55eeaa0/附件/附件2：浙江省社会保险和就业服务中心办公室关于做好2025年度工业设计职业资格考试考务工作的通知.pdf,10_政策与目录/政策数据库/企策顾问/公示公告/宁波市/综合政策/2025-07-18__2025年度浙江省工业设计职业资格考试成绩通过人员考后公示__8aa16ab6ca1e40189093b27eb55eeaa0/附件/附件2：浙江省社会保险和就业服务中心办公室关于做好2025年度工业设计职业资格考试考务工作的通知.pdf,e612bdfa823040aab9f26b78dd3b5e64a588b0012febe9e7669036df152c397f,4,10_政策与目录/政策数据库/企策顾问/公示公告/宁波市/综合政策/2025-07-18__2025年度浙江省工业设计职业资格考试成绩通过人员考后公示__8aa16ab6ca1e40189093b27eb55eeaa0/附件/附件2：浙江省社会保险和就业服务中心办公室关于做好2025年度工业设计职业资格考试考务工作的通知.pdf | 10_政策与目录/政策数据库/企策顾问/公示公告/杭州市/综合政策/2025-07-18__2025年度浙江省工业设计职业资格考试成绩通过人员考后公示__8aa16ab6ca1e40189093b27eb55eeaa0/附件/附件2：浙江省社会保险和就业服务中心办公室关于做好2025年度工业设计职业资格考试考务工作的通知.pdf | 10_政策与目录/政策数据库/企策顾问/公示公告/绍兴市/综合政策/2025-07-18__2025年度浙江省工业设计职业资格考试成绩通过人员考后公示__8aa16ab6ca1e40189093b27eb55eeaa0/附件/附件2：浙江省社会保险和就业服务中心办公室关于做好2025年度工业设计职业资格考试考务工作的通知.pdf | 10_政策与目录/政策数据库/企策顾问/公示公告/金华市/综合政策/2025-07-18__2025年度浙江省工业设计职业资格考试成绩通过人员考后公示__8aa16ab6ca1e40189093b27eb55eeaa0/附件/附件2：浙江省社会保险和就业服务中心办公室关于做好2025年度工业设计职业资格考试考务工作的通知.pdf
P1,公示、认定或复核名单,/Volumes/知识库/_云端知识库/10_政策与目录/政策数据库/企策顾问/公示公告/宁波市/综合政策/2025-08-01__宁波前湾新区生态环境局2025年8月1日关于建设项目环评审批决定的公告__be9b4df41d4346d1b780f351c9572263/附件/甬新环建〔2025〕53号.pdf,10_政策与目录/政策数据库/企策顾问/公示公告/宁波市/综合政策/2025-08-01__宁波前湾新区生态环境局2025年8月1日关于建设项目环评审批决定的公告__be9b4df41d4346d1b780f351c9572263/附件/甬新环建〔2025〕53号.pdf,9885031afaace22451291039c56c32673db3957cb8aeb59d39d638f7957262ba,1,10_政策与目录/政策数据库/企策顾问/公示公告/宁波市/综合政策/2025-08-01__宁波前湾新区生态环境局2025年8月1日关于建设项目环评审批决定的公告__be9b4df41d4346d1b780f351c9572263/附件/甬新环建〔2025〕53号.pdf
P1,公示、认定或复核名单,/Volumes/知识库/_云端知识库/10_政策与目录/政策数据库/企策顾问/公示公告/宁波市/综合政策/2025-08-01__宁波前湾新区生态环境局2025年8月1日关于建设项目环评审批决定的公告__be9b4df41d4346d1b780f351c9572263/附件/甬新环建〔2025〕54号.pdf,10_政策与目录/政策数据库/企策顾问/公示公告/宁波市/综合政策/2025-08-01__宁波前湾新区生态环境局2025年8月1日关于建设项目环评审批决定的公告__be9b4df41d4346d1b780f351c9572263/附件/甬新环建〔2025〕54号.pdf,c844f39d9f835a658473119484d529f4af5a642e425d944d77e3e104ba67c3b5,1,10_政策与目录/政策数据库/企策顾问/公示公告/宁波市/综合政策/2025-08-01__宁波前湾新区生态环境局2025年8月1日关于建设项目环评审批决定的公告__be9b4df41d4346d1b780f351c9572263/附件/甬新环建〔2025〕54号.pdf
P1,公示、认定或复核名单,/Volumes/知识库/_云端知识库/10_政策与目录/政策数据库/企策顾问/公示公告/宁波市/综合政策/2025-08-22__关于《宁波市5G基站布局规划（2024-2035年）》的公示__d21f3daf5b924daabe23d839db0acba2/附件/2.《宁波市5G基站布局规划（2024-2035年）》规划公示图纸.pdf,10_政策与目录/政策数据库/企策顾问/公示公告/宁波市/综合政策/2025-08-22__关于《宁波市5G基站布局规划（2024-2035年）》的公示__d21f3daf5b924daabe23d839db0acba2/附件/2.《宁波市5G基站布局规划（2024-2035年）》规划公示图纸.pdf,3a68b6d329dc71791cc324f679bc99a08413e9fe0eccd898454bbe3be0ee0437,1,10_政策与目录/政策数据库/企策顾问/公示公告/宁波市/综合政策/2025-08-22__关于《宁波市5G基站布局规划（2024-2035年）》的公示__d21f3daf5b924daabe23d839db0acba2/附件/2.《宁波市5G基站布局规划（2024-2035年）》规划公示图纸.pdf
P1,公示、认定或复核名单,/Volumes/知识库/_云端知识库/10_政策与目录/政策数据库/企策顾问/公示公告/宁波市/综合政策/2025-08-29__宁波前湾新区生态环境局2025年8月29日关于建设项目环评审批决定的公告__7d47ebadee214ccd806aed8850744c50/附件/甬新环建〔2025〕56号.pdf,10_政策与目录/政策数据库/企策顾问/公示公告/宁波市/综合政策/2025-08-29__宁波前湾新区生态环境局2025年8月29日关于建设项目环评审批决定的公告__7d47ebadee214ccd806aed8850744c50/附件/甬新环建〔2025〕56号.pdf,2dca76b614aa6009348d37da250bac44c010b437cd2c374a9a05b9741d779175,1,10_政策与目录/政策数据库/企策顾问/公示公告/宁波市/综合政策/2025-08-29__宁波前湾新区生态环境局2025年8月29日关于建设项目环评审批决定的公告__7d47ebadee214ccd806aed8850744c50/附件/甬新环建〔2025〕56号.pdf
P1,公示、认定或复核名单,/Volumes/知识库/_云端知识库/10_政策与目录/政策数据库/企策顾问/公示公告/宁波市/综合政策/2025-08-29__宁波前湾新区生态环境局2025年8月29日关于建设项目环评审批决定的公告__7d47ebadee214ccd806aed8850744c50/附件/甬新环建〔2025〕57号.pdf,10_政策与目录/政策数据库/企策顾问/公示公告/宁波市/综合政策/2025-08-29__宁波前湾新区生态环境局2025年8月29日关于建设项目环评审批决定的公告__7d47ebadee214ccd806aed8850744c50/附件/甬新环建〔2025〕57号.pdf,c7fb3d155020cefa8c3525b6186e3e81a5e49c144a871993c005563626401395,1,10_政策与目录/政策数据库/企策顾问/公示公告/宁波市/综合政策/2025-08-29__宁波前湾新区生态环境局2025年8月29日关于建设项目环评审批决定的公告__7d47ebadee214ccd806aed8850744c50/附件/甬新环建〔2025〕57号.pdf
P1,公示、认定或复核名单,/Volumes/知识库/_云端知识库/10_政策与目录/政策数据库/企策顾问/公示公告/宁波市/综合政策/2025-11-20__关于公布宁波市级绿色制造名单（第六批）的通知__a3efd10a90554f298b6563b7b36749fd/附件/[附件下载].pdf,10_政策与目录/政策数据库/企策顾问/公示公告/宁波市/综合政策/2025-11-20__关于公布宁波市级绿色制造名单（第六批）的通知__a3efd10a90554f298b6563b7b36749fd/附件/[附件下载].pdf,55c33587e37ae68e013820a2a877e1c900561a7edb73d4456384c9b342d0f55e,1,10_政策与目录/政策数据库/企策顾问/公示公告/宁波市/综合政策/2025-11-20__关于公布宁波市级绿色制造名单（第六批）的通知__a3efd10a90554f298b6563b7b36749fd/附件/[附件下载].pdf
P1,公示、认定或复核名单,/Volumes/知识库/_云端知识库/10_政策与目录/政策数据库/企策顾问/公示公告/宁波市/综合政策/2025-12-30__关于公布宁波市第一批历史经典产业名录的通知__e4ec3a9c74ca4351b17b557f130ed415/附件/[附件下载].pdf,10_政策与目录/政策数据库/企策顾问/公示公告/宁波市/综合政策/2025-12-30__关于公布宁波市第一批历史经典产业名录的通知__e4ec3a9c74ca4351b17b557f130ed415/附件/[附件下载].pdf,db78df309e72a70a04ca5f5ef9b5023b39bf84ff23c7c862a52e2444e59d87e2,1,10_政策与目录/政策数据库/企策顾问/公示公告/宁波市/综合政策/2025-12-30__关于公布宁波市第一批历史经典产业名录的通知__e4ec3a9c74ca4351b17b557f130ed415/附件/[附件下载].pdf
P1,公示、认定或复核名单,/Volumes/知识库/_云端知识库/10_政策与目录/政策数据库/企策顾问/公示公告/宁波市/综合政策/2026-02-02__关于公布2025年度人形机器人产业政策申报结果的通知__d88e5bcc194646ddafe5a3cbd2a77e41/附件/[附件下载].pdf,10_政策与目录/政策数据库/企策顾问/公示公告/宁波市/综合政策/2026-02-02__关于公布2025年度人形机器人产业政策申报结果的通知__d88e5bcc194646ddafe5a3cbd2a77e41/附件/[附件下载].pdf,d12e989388e44c6fb428a64aaf81b242d9749ee9a7b7bdfd3e1f10444c9748e9,1,10_政策与目录/政策数据库/企策顾问/公示公告/宁波市/综合政策/2026-02-02__关于公布2025年度人形机器人产业政策申报结果的通知__d88e5bcc194646ddafe5a3cbd2a77e41/附件/[附件下载].pdf
P1,公示、认定或复核名单,/Volumes/知识库/_云端知识库/10_政策与目录/政策数据库/企策顾问/公示公告/宁波市/综合政策/2026-03-20__关于公布宁波市制造业企业数字化等级评价结果（第十二批）的通知__3b850313970941f184eadc48c8813fda/附件/[附件下载].pdf,10_政策与目录/政策数据库/企策顾问/公示公告/宁波市/综合政策/2026-03-20__关于公布宁波市制造业企业数字化等级评价结果（第十二批）的通知__3b850313970941f184eadc48c8813fda/附件/[附件下载].pdf,aabe15b80ff9c8b6c18390f8d95de3ab84d24ae6da5a3f6bfe024d895cdc3cdb,1,10_政策与目录/政策数据库/企策顾问/公示公告/宁波市/综合政策/2026-03-20__关于公布宁波市制造业企业数字化等级评价结果（第十二批）的通知__3b850313970941f184eadc48c8813fda/附件/[附件下载].pdf
P1,公示、认定或复核名单,/Volumes/知识库/_云端知识库/10_政策与目录/政策数据库/企策顾问/公示公告/宁波市/综合政策/2026-06-25__关于公布宁波市制造业企业数字化等级评价结果（第十三批）的通知__a412ec1f412a4981afe9087882693e81/附件/[附件下载].pdf,10_政策与目录/政策数据库/企策顾问/公示公告/宁波市/综合政策/2026-06-25__关于公布宁波市制造业企业数字化等级评价结果（第十三批）的通知__a412ec1f412a4981afe9087882693e81/附件/[附件下载].pdf,00bff519c3049deda6fd8c17eed676ae278babcdb8d7191a6a4e2f4eaff326e9,1,10_政策与目录/政策数据库/企策顾问/公示公告/宁波市/综合政策/2026-06-25__关于公布宁波市制造业企业数字化等级评价结果（第十三批）的通知__a412ec1f412a4981afe9087882693e81/附件/[附件下载].pdf
P1,公示、认定或复核名单,/Volumes/知识库/_云端知识库/10_政策与目录/政策数据库/企策顾问/公示公告/宁波市/软件与数字经济/2025-04-14__关于公布市级中小企业数字化改造样本企业名单的通知__af73e542e68e40f8a09bed146337d8c1/附件/[附件下载].pdf,10_政策与目录/政策数据库/企策顾问/公示公告/宁波市/软件与数字经济/2025-04-14__关于公布市级中小企业数字化改造样本企业名单的通知__af73e542e68e40f8a09bed146337d8c1/附件/[附件下载].pdf,97e3e05ea41b3a5cf287710c41175cca6a7d8b0a99dc756c59e06cec0ff3dc5b,1,10_政策与目录/政策数据库/企策顾问/公示公告/宁波市/软件与数字经济/2025-04-14__关于公布市级中小企业数字化改造样本企业名单的通知__af73e542e68e40f8a09bed146337d8c1/附件/[附件下载].pdf
P1,公示、认定或复核名单,/Volumes/知识库/_云端知识库/10_政策与目录/政策数据库/企策顾问/公示公告/宁波市/软件与数字经济/2025-05-12__关于公布2025年度中小企业数字化改造国家试点项目库（第二批）名单的通知__db02a44ccb254b2ba26a613b5dfb3993/附件/关于公布2025年度中小企业数字化改造国家试点项目库（第二批）名单的通知.pdf,10_政策与目录/政策数据库/企策顾问/公示公告/宁波市/软件与数字经济/2025-05-12__关于公布2025年度中小企业数字化改造国家试点项目库（第二批）名单的通知__db02a44ccb254b2ba26a613b5dfb3993/附件/关于公布2025年度中小企业数字化改造国家试点项目库（第二批）名单的通知.pdf,38809ada31b44ba9a8bea083789548a0ef22db5e216d92d65524e3aab5ef3254,1,10_政策与目录/政策数据库/企策顾问/公示公告/宁波市/软件与数字经济/2025-05-12__关于公布2025年度中小企业数字化改造国家试点项目库（第二批）名单的通知__db02a44ccb254b2ba26a613b5dfb3993/附件/关于公布2025年度中小企业数字化改造国家试点项目库（第二批）名单的通知.pdf
P1,公示、认定或复核名单,/Volumes/知识库/_云端知识库/10_政策与目录/政策数据库/企策顾问/公示公告/宁波市/软件与数字经济/2025-06-04__关于公布2025年度中小企业数字化改造国家试点项目库（第三批）名单的通知__645e6e5b820345a09ddf2fbf26f1a51d/附件/[附件下载].pdf,10_政策与目录/政策数据库/企策顾问/公示公告/宁波市/软件与数字经济/2025-06-04__关于公布2025年度中小企业数字化改造国家试点项目库（第三批）名单的通知__645e6e5b820345a09ddf2fbf26f1a51d/附件/[附件下载].pdf,d6cbbf50f9aabc9c9d4fd9ed5356f27edc7bc6a9c4596896cda7535edd8a5e17,1,10_政策与目录/政策数据库/企策顾问/公示公告/宁波市/软件与数字经济/2025-06-04__关于公布2025年度中小企业数字化改造国家试点项目库（第三批）名单的通知__645e6e5b820345a09ddf2fbf26f1a51d/附件/[附件下载].pdf
P1,公示、认定或复核名单,/Volumes/知识库/_云端知识库/10_政策与目录/政策数据库/企策顾问/公示公告/宁波市/软件与数字经济/2025-09-18__关于公布市级行业优秀数字化改造总承包商和优秀“小快轻准”行业数字化产品名单的通知__453e98e0e56f4252b62fa9b827d2f852/附件/[附件下载].pdf,10_政策与目录/政策数据库/企策顾问/公示公告/宁波市/软件与数字经济/2025-09-18__关于公布市级行业优秀数字化改造总承包商和优秀“小快轻准”行业数字化产品名单的通知__453e98e0e56f4252b62fa9b827d2f852/附件/[附件下载].pdf,32e06a1038cb707451e1b51b461902abd4594bfc768748b868453c6338e886d2,1,10_政策与目录/政策数据库/企策顾问/公示公告/宁波市/软件与数字经济/2025-09-18__关于公布市级行业优秀数字化改造总承包商和优秀“小快轻准”行业数字化产品名单的通知__453e98e0e56f4252b62fa9b827d2f852/附件/[附件下载].pdf
P1,公示、认定或复核名单,/Volumes/知识库/_云端知识库/10_政策与目录/政策数据库/企策顾问/公示公告/宁波市/软件与数字经济/2025-09-30__关于公布2025年度中小企业数字化改造国家试点项目库（第六批）名单的通知__07c4e7fe972b4c20a48a3985e64943e3/附件/[附件下载].pdf,10_政策与目录/政策数据库/企策顾问/公示公告/宁波市/软件与数字经济/2025-09-30__关于公布2025年度中小企业数字化改造国家试点项目库（第六批）名单的通知__07c4e7fe972b4c20a48a3985e64943e3/附件/[附件下载].pdf,84be2c5f0143ff80018603dd891dd3618adae2f2c8d1bba8e17c5f0a485fd3cf,1,10_政策与目录/政策数据库/企策顾问/公示公告/宁波市/软件与数字经济/2025-09-30__关于公布2025年度中小企业数字化改造国家试点项目库（第六批）名单的通知__07c4e7fe972b4c20a48a3985e64943e3/附件/[附件下载].pdf
P1,公示、认定或复核名单,/Volumes/知识库/_云端知识库/10_政策与目录/政策数据库/企策顾问/公示公告/宁波市/软件与数字经济/2025-10-13__关于公布2025年度市级工业互联网平台（企业大脑）项目名单的通知__4c86fb7ec2e34639817296149c25dad1/附件/[附件下载].pdf,10_政策与目录/政策数据库/企策顾问/公示公告/宁波市/软件与数字经济/2025-10-13__关于公布2025年度市级工业互联网平台（企业大脑）项目名单的通知__4c86fb7ec2e34639817296149c25dad1/附件/[附件下载].pdf,6c5ca984649a4a57dda8cb61a75ca91791157d2fccb436e9d92f083708c71216,1,10_政策与目录/政策数据库/企策顾问/公示公告/宁波市/软件与数字经济/2025-10-13__关于公布2025年度市级工业互联网平台（企业大脑）项目名单的通知__4c86fb7ec2e34639817296149c25dad1/附件/[附件下载].pdf
P1,公示、认定或复核名单,/Volumes/知识库/_云端知识库/10_政策与目录/政策数据库/企策顾问/公示公告/宁波市/软件与数字经济/2026-03-20__关于公布国家试点行业优秀数字化改造总承包商名单的通知__07fa3bcb4ba0459eb5ccfa272d0c6ad7/附件/[附件下载].pdf,10_政策与目录/政策数据库/企策顾问/公示公告/宁波市/软件与数字经济/2026-03-20__关于公布国家试点行业优秀数字化改造总承包商名单的通知__07fa3bcb4ba0459eb5ccfa272d0c6ad7/附件/[附件下载].pdf,4b70bef78599a9ab0e49d3dcf04d390381c9e3438dc6d5f91c5e5a7d0b18e5f6,1,10_政策与目录/政策数据库/企策顾问/公示公告/宁波市/软件与数字经济/2026-03-20__关于公布国家试点行业优秀数字化改造总承包商名单的通知__07fa3bcb4ba0459eb5ccfa272d0c6ad7/附件/[附件下载].pdf
P1,公示、认定或复核名单,/Volumes/知识库/_云端知识库/10_政策与目录/政策数据库/企策顾问/公示公告/宁波市/首版次/2025-09-22__关于公布2025年度宁波市首版次软件产品名单的通知__a2eda1cb78c84905ab6b66ada8e0f1a3/附件/[附件下载].pdf,10_政策与目录/政策数据库/企策顾问/公示公告/宁波市/首版次/2025-09-22__关于公布2025年度宁波市首版次软件产品名单的通知__a2eda1cb78c84905ab6b66ada8e0f1a3/附件/[附件下载].pdf,e7680b93a894282b148d9d7ac6d5b16f6d2b959612f0d99d05e42fad0537dc99,1,10_政策与目录/政策数据库/企策顾问/公示公告/宁波市/首版次/2025-09-22__关于公布2025年度宁波市首版次软件产品名单的通知__a2eda1cb78c84905ab6b66ada8e0f1a3/附件/[附件下载].pdf
P1,公示、认定或复核名单,/Volumes/知识库/_云端知识库/10_政策与目录/政策数据库/企策顾问/公示公告/宁波市/高新/2025-07-16__浙江省认定机构：关于取消长兴华隆丝绸有限公司等4家企业高新技术企业资格的通告__132f8898665a4195bf6237a17c949fc8/附件/浙江省认定机构：关于取消长兴华隆丝绸有限公司等4家企业高新技术企业资格的通告.pdf,10_政策与目录/政策数据库/企策顾问/公示公告/宁波市/高新/2025-07-16__浙江省认定机构：关于取消长兴华隆丝绸有限公司等4家企业高新技术企业资格的通告__132f8898665a4195bf6237a17c949fc8/附件/浙江省认定机构：关于取消长兴华隆丝绸有限公司等4家企业高新技术企业资格的通告.pdf,1e643afd7d94edf90aefde3e7145485c176dced4bf85ba7b50f3b8d2c9b5c867,4,10_政策与目录/政策数据库/企策顾问/公示公告/宁波市/高新/2025-07-16__浙江省认定机构：关于取消长兴华隆丝绸有限公司等4家企业高新技术企业资格的通告__132f8898665a4195bf6237a17c949fc8/附件/浙江省认定机构：关于取消长兴华隆丝绸有限公司等4家企业高新技术企业资格的通告.pdf | 10_政策与目录/政策数据库/企策顾问/公示公告/杭州市/高新/2025-07-16__浙江省认定机构：关于取消长兴华隆丝绸有限公司等4家企业高新技术企业资格的通告__132f8898665a4195bf6237a17c949fc8/附件/浙江省认定机构：关于取消长兴华隆丝绸有限公司等4家企业高新技术企业资格的通告.pdf | 10_政策与目录/政策数据库/企策顾问/公示公告/绍兴市/高新/2025-07-16__浙江省认定机构：关于取消长兴华隆丝绸有限公司等4家企业高新技术企业资格的通告__132f8898665a4195bf6237a17c949fc8/附件/浙江省认定机构：关于取消长兴华隆丝绸有限公司等4家企业高新技术企业资格的通告.pdf | 10_政策与目录/政策数据库/企策顾问/公示公告/金华市/高新/2025-07-16__浙江省认定机构：关于取消长兴华隆丝绸有限公司等4家企业高新技术企业资格的通告__132f8898665a4195bf6237a17c949fc8/附件/浙江省认定机构：关于取消长兴华隆丝绸有限公司等4家企业高新技术企业资格的通告.pdf
P1,公示、认定或复核名单,/Volumes/知识库/_云端知识库/10_政策与目录/政策数据库/企策顾问/公示公告/宁波市/高新/2025-07-16__浙江省认定机构：关于浙江省2025年第一批异地整体搬迁高新技术企业资格继续有效名单的通告__c757e1a694e14225929752a12dfecc48/附件/浙江省认定机构：关于浙江省2025年第一批异地整体搬迁高新技术企业资格继续有效名单的通告.pdf,10_政策与目录/政策数据库/企策顾问/公示公告/宁波市/高新/2025-07-16__浙江省认定机构：关于浙江省2025年第一批异地整体搬迁高新技术企业资格继续有效名单的通告__c757e1a694e14225929752a12dfecc48/附件/浙江省认定机构：关于浙江省2025年第一批异地整体搬迁高新技术企业资格继续有效名单的通告.pdf,66bec571cc4ddf0889619bebc9567ec343be37952ee3068212ff11dbf6b494a4,4,10_政策与目录/政策数据库/企策顾问/公示公告/宁波市/高新/2025-07-16__浙江省认定机构：关于浙江省2025年第一批异地整体搬迁高新技术企业资格继续有效名单的通告__c757e1a694e14225929752a12dfecc48/附件/浙江省认定机构：关于浙江省2025年第一批异地整体搬迁高新技术企业资格继续有效名单的通告.pdf | 10_政策与目录/政策数据库/企策顾问/公示公告/杭州市/高新/2025-07-16__浙江省认定机构：关于浙江省2025年第一批异地整体搬迁高新技术企业资格继续有效名单的通告__c757e1a694e14225929752a12dfecc48/附件/浙江省认定机构：关于浙江省2025年第一批异地整体搬迁高新技术企业资格继续有效名单的通告.pdf | 10_政策与目录/政策数据库/企策顾问/公示公告/绍兴市/高新/2025-07-16__浙江省认定机构：关于浙江省2025年第一批异地整体搬迁高新技术企业资格继续有效名单的通告__c757e1a694e14225929752a12dfecc48/附件/浙江省认定机构：关于浙江省2025年第一批异地整体搬迁高新技术企业资格继续有效名单的通告.pdf | 10_政策与目录/政策数据库/企策顾问/公示公告/金华市/高新/2025-07-16__浙江省认定机构：关于浙江省2025年第一批异地整体搬迁高新技术企业资格继续有效名单的通告__c757e1a694e14225929752a12dfecc48/附件/浙江省认定机构：关于浙江省2025年第一批异地整体搬迁高新技术企业资格继续有效名单的通告.pdf
P1,公示、认定或复核名单,/Volumes/知识库/_云端知识库/10_政策与目录/政策数据库/企策顾问/公示公告/宁波市/高新/2025-07-22__浙江省认定机构：关于公布浙江省2025年第一批高新技术企业更名及重大变化的通告__08429971a5ec43b7bbc5dc1663b5b16c/附件/浙江省认定机构：关于公布浙江省2025年第一批高新技术企业更名及重大变化的通告.pdf,10_政策与目录/政策数据库/企策顾问/公示公告/宁波市/高新/2025-07-22__浙江省认定机构：关于公布浙江省2025年第一批高新技术企业更名及重大变化的通告__08429971a5ec43b7bbc5dc1663b5b16c/附件/浙江省认定机构：关于公布浙江省2025年第一批高新技术企业更名及重大变化的通告.pdf,8b251b99f7bf672e2002b18842e0e5dd5795597f375b809dafca7188f9a3d133,4,10_政策与目录/政策数据库/企策顾问/公示公告/宁波市/高新/2025-07-22__浙江省认定机构：关于公布浙江省2025年第一批高新技术企业更名及重大变化的通告__08429971a5ec43b7bbc5dc1663b5b16c/附件/浙江省认定机构：关于公布浙江省2025年第一批高新技术企业更名及重大变化的通告.pdf | 10_政策与目录/政策数据库/企策顾问/公示公告/杭州市/高新/2025-07-22__浙江省认定机构：关于公布浙江省2025年第一批高新技术企业更名及重大变化的通告__08429971a5ec43b7bbc5dc1663b5b16c/附件/浙江省认定机构：关于公布浙江省2025年第一批高新技术企业更名及重大变化的通告.pdf | 10_政策与目录/政策数据库/企策顾问/公示公告/绍兴市/高新/2025-07-22__浙江省认定机构：关于公布浙江省2025年第一批高新技术企业更名及重大变化的通告__08429971a5ec43b7bbc5dc1663b5b16c/附件/浙江省认定机构：关于公布浙江省2025年第一批高新技术企业更名及重大变化的通告.pdf | 10_政策与目录/政策数据库/企策顾问/公示公告/金华市/高新/2025-07-22__浙江省认定机构：关于公布浙江省2025年第一批高新技术企业更名及重大变化的通告__08429971a5ec43b7bbc5dc1663b5b16c/附件/浙江省认定机构：关于公布浙江省2025年第一批高新技术企业更名及重大变化的通告.pdf
P1,公示、认定或复核名单,/Volumes/知识库/_云端知识库/10_政策与目录/政策数据库/企策顾问/公示公告/宁波市/高新/2025-08-14__浙江省认定机构：关于公布浙江省2025年第二批高新技术企业更名及重大变化的通告__0755d5b0d2f24becb02b4d3ddb861be0/附件/浙江省认定机构：关于公布浙江省2025年第二批高新技术企业更名及重大变化的通告.pdf,10_政策与目录/政策数据库/企策顾问/公示公告/宁波市/高新/2025-08-14__浙江省认定机构：关于公布浙江省2025年第二批高新技术企业更名及重大变化的通告__0755d5b0d2f24becb02b4d3ddb861be0/附件/浙江省认定机构：关于公布浙江省2025年第二批高新技术企业更名及重大变化的通告.pdf,93229a51698564bd9c02fe7232adef18af785b4f8680880abb4fa09807bddbf6,4,10_政策与目录/政策数据库/企策顾问/公示公告/宁波市/高新/2025-08-14__浙江省认定机构：关于公布浙江省2025年第二批高新技术企业更名及重大变化的通告__0755d5b0d2f24becb02b4d3ddb861be0/附件/浙江省认定机构：关于公布浙江省2025年第二批高新技术企业更名及重大变化的通告.pdf | 10_政策与目录/政策数据库/企策顾问/公示公告/杭州市/高新/2025-08-14__浙江省认定机构：关于公布浙江省2025年第二批高新技术企业更名及重大变化的通告__0755d5b0d2f24becb02b4d3ddb861be0/附件/浙江省认定机构：关于公布浙江省2025年第二批高新技术企业更名及重大变化的通告.pdf | 10_政策与目录/政策数据库/企策顾问/公示公告/绍兴市/高新/2025-08-14__浙江省认定机构：关于公布浙江省2025年第二批高新技术企业更名及重大变化的通告__0755d5b0d2f24becb02b4d3ddb861be0/附件/浙江省认定机构：关于公布浙江省2025年第二批高新技术企业更名及重大变化的通告.pdf | 10_政策与目录/政策数据库/企策顾问/公示公告/金华市/高新/2025-08-14__浙江省认定机构：关于公布浙江省2025年第二批高新技术企业更名及重大变化的通告__0755d5b0d2f24becb02b4d3ddb861be0/附件/浙江省认定机构：关于公布浙江省2025年第二批高新技术企业更名及重大变化的通告.pdf
P1,公示、认定或复核名单,/Volumes/知识库/_云端知识库/10_政策与目录/政策数据库/企策顾问/公示公告/宁波市/高新/2025-08-18__浙江省认定机构：关于浙江省2025年第二批异地整体搬迁高新技术企业资格继续有效名单的通告__3776697a885c44269aa4954b6eb14343/附件/浙江省认定机构：关于浙江省2025年第二批异地整体搬迁高新技术企业资格继续有效名单的通告.pdf,10_政策与目录/政策数据库/企策顾问/公示公告/宁波市/高新/2025-08-18__浙江省认定机构：关于浙江省2025年第二批异地整体搬迁高新技术企业资格继续有效名单的通告__3776697a885c44269aa4954b6eb14343/附件/浙江省认定机构：关于浙江省2025年第二批异地整体搬迁高新技术企业资格继续有效名单的通告.pdf,9f9fe34d0592a11c4ba6ca93a5d342a827c4e3e268bd792f25581bd66a5a952c,4,10_政策与目录/政策数据库/企策顾问/公示公告/宁波市/高新/2025-08-18__浙江省认定机构：关于浙江省2025年第二批异地整体搬迁高新技术企业资格继续有效名单的通告__3776697a885c44269aa4954b6eb14343/附件/浙江省认定机构：关于浙江省2025年第二批异地整体搬迁高新技术企业资格继续有效名单的通告.pdf | 10_政策与目录/政策数据库/企策顾问/公示公告/杭州市/高新/2025-08-18__浙江省认定机构：关于浙江省2025年第二批异地整体搬迁高新技术企业资格继续有效名单的通告__3776697a885c44269aa4954b6eb14343/附件/浙江省认定机构：关于浙江省2025年第二批异地整体搬迁高新技术企业资格继续有效名单的通告.pdf | 10_政策与目录/政策数据库/企策顾问/公示公告/绍兴市/高新/2025-08-18__浙江省认定机构：关于浙江省2025年第二批异地整体搬迁高新技术企业资格继续有效名单的通告__3776697a885c44269aa4954b6eb14343/附件/浙江省认定机构：关于浙江省2025年第二批异地整体搬迁高新技术企业资格继续有效名单的通告.pdf | 10_政策与目录/政策数据库/企策顾问/公示公告/金华市/高新/2025-08-18__浙江省认定机构：关于浙江省2025年第二批异地整体搬迁高新技术企业资格继续有效名单的通告__3776697a885c44269aa4954b6eb14343/附件/浙江省认定机构：关于浙江省2025年第二批异地整体搬迁高新技术企业资格继续有效名单的通告.pdf
P1,公示、认定或复核名单,/Volumes/知识库/_云端知识库/10_政策与目录/政策数据库/企策顾问/公示公告/宁波市/高新/2026-02-02__浙江省认定机构：关于取消浙江丰扬钢结构有限公司等13家企业高新技术企业资格的通告__8ed0735c0b5e4321adbf0ea54fdf3000/附件/浙江省认定机构：关于取消浙江丰扬钢结构有限公司等13家企业高新技术企业资格的通告.pdf,10_政策与目录/政策数据库/企策顾问/公示公告/宁波市/高新/2026-02-02__浙江省认定机构：关于取消浙江丰扬钢结构有限公司等13家企业高新技术企业资格的通告__8ed0735c0b5e4321adbf0ea54fdf3000/附件/浙江省认定机构：关于取消浙江丰扬钢结构有限公司等13家企业高新技术企业资格的通告.pdf,cdd1977af40f9565015549749f6082519f91a64dc9a77106d75587353074387e,4,10_政策与目录/政策数据库/企策顾问/公示公告/宁波市/高新/2026-02-02__浙江省认定机构：关于取消浙江丰扬钢结构有限公司等13家企业高新技术企业资格的通告__8ed0735c0b5e4321adbf0ea54fdf3000/附件/浙江省认定机构：关于取消浙江丰扬钢结构有限公司等13家企业高新技术企业资格的通告.pdf | 10_政策与目录/政策数据库/企策顾问/公示公告/杭州市/高新/2026-02-02__浙江省认定机构：关于取消浙江丰扬钢结构有限公司等13家企业高新技术企业资格的通告__8ed0735c0b5e4321adbf0ea54fdf3000/附件/浙江省认定机构：关于取消浙江丰扬钢结构有限公司等13家企业高新技术企业资格的通告.pdf | 10_政策与目录/政策数据库/企策顾问/公示公告/绍兴市/高新/2026-02-02__浙江省认定机构：关于取消浙江丰扬钢结构有限公司等13家企业高新技术企业资格的通告__8ed0735c0b5e4321adbf0ea54fdf3000/附件/浙江省认定机构：关于取消浙江丰扬钢结构有限公司等13家企业高新技术企业资格的通告.pdf | 10_政策与目录/政策数据库/企策顾问/公示公告/金华市/高新/2026-02-02__浙江省认定机构：关于取消浙江丰扬钢结构有限公司等13家企业高新技术企业资格的通告__8ed0735c0b5e4321adbf0ea54fdf3000/附件/浙江省认定机构：关于取消浙江丰扬钢结构有限公司等13家企业高新技术企业资格的通告.pdf
P1,公示、认定或复核名单,/Volumes/知识库/_云端知识库/10_政策与目录/政策数据库/企策顾问/公示公告/杭州市/技术改造和未来工厂/2025-06-11__杭州市经信局（市数字经济局）关于公布2025年度杭州市制造业数字化改造攻关项目入库名单的通知__8b7bcf3a773346879095f0402d5fcac5/附件/杭州市经信局（市数字经济局）关于公布2025年度杭州市制造业数字化改造攻关项目入库名单的通知.pdf,10_政策与目录/政策数据库/企策顾问/公示公告/杭州市/技术改造和未来工厂/2025-06-11__杭州市经信局（市数字经济局）关于公布2025年度杭州市制造业数字化改造攻关项目入库名单的通知__8b7bcf3a773346879095f0402d5fcac5/附件/杭州市经信局（市数字经济局）关于公布2025年度杭州市制造业数字化改造攻关项目入库名单的通知.pdf,6c5a54391ee9ae0a1f55b3e285cfa827b53d02acb757e7bd75dca298fac24e44,1,10_政策与目录/政策数据库/企策顾问/公示公告/杭州市/技术改造和未来工厂/2025-06-11__杭州市经信局（市数字经济局）关于公布2025年度杭州市制造业数字化改造攻关项目入库名单的通知__8b7bcf3a773346879095f0402d5fcac5/附件/杭州市经信局（市数字经济局）关于公布2025年度杭州市制造业数字化改造攻关项目入库名单的通知.pdf
P1,公示、认定或复核名单,/Volumes/知识库/_云端知识库/10_政策与目录/政策数据库/企策顾问/公示公告/杭州市/科技计划/2025-01-02__关于公布2024年杭州市概念验证中心认定单位的通知__53a470c583104e58968f39949f5ad594/附件/杭州市科学技术局关于公布2024年杭州市概念验证中心认定单位的通知.pdf,10_政策与目录/政策数据库/企策顾问/公示公告/杭州市/科技计划/2025-01-02__关于公布2024年杭州市概念验证中心认定单位的通知__53a470c583104e58968f39949f5ad594/附件/杭州市科学技术局关于公布2024年杭州市概念验证中心认定单位的通知.pdf,8c978ba4345fa48c2987afd324b8d9c27a060e0f4ee967e82a0bd1a985b08460,1,10_政策与目录/政策数据库/企策顾问/公示公告/杭州市/科技计划/2025-01-02__关于公布2024年杭州市概念验证中心认定单位的通知__53a470c583104e58968f39949f5ad594/附件/杭州市科学技术局关于公布2024年杭州市概念验证中心认定单位的通知.pdf
P1,公示、认定或复核名单,/Volumes/知识库/_云端知识库/10_政策与目录/政策数据库/企策顾问/公示公告/杭州市/科技计划/2025-03-27__关于公布2024年杭州市概念验证中心创建单位的通知__6ff507850e694deb93198818e8b21ebe/附件/10杭州市科学技术局关于公布2024年杭州市概念验证中心创建单位的通知.pdf,10_政策与目录/政策数据库/企策顾问/公示公告/杭州市/科技计划/2025-03-27__关于公布2024年杭州市概念验证中心创建单位的通知__6ff507850e694deb93198818e8b21ebe/附件/10杭州市科学技术局关于公布2024年杭州市概念验证中心创建单位的通知.pdf,554789bc72da9c6df64f84e5919a9608424bb1b9b7851dbda95d478b8962e20b,1,10_政策与目录/政策数据库/企策顾问/公示公告/杭州市/科技计划/2025-03-27__关于公布2024年杭州市概念验证中心创建单位的通知__6ff507850e694deb93198818e8b21ebe/附件/10杭州市科学技术局关于公布2024年杭州市概念验证中心创建单位的通知.pdf
P1,公示、认定或复核名单,/Volumes/知识库/_云端知识库/10_政策与目录/政策数据库/企策顾问/公示公告/杭州市/综合政策/2025-04-21__杭州市市场监督管理局西湖风景名胜区分局关于公布2024年度西湖风景名胜区餐饮服务单位食品安全监督量化分级评定结果的通知__8afdfc3fff11489087273f1d9f6fe1d6/附件/杭州市市场监督管理局西湖风景名胜区分局关于公布2024年度西湖风景名胜区餐饮服务单位食品安全监督量化分级评定结果的通知.pdf,10_政策与目录/政策数据库/企策顾问/公示公告/杭州市/综合政策/2025-04-21__杭州市市场监督管理局西湖风景名胜区分局关于公布2024年度西湖风景名胜区餐饮服务单位食品安全监督量化分级评定结果的通知__8afdfc3fff11489087273f1d9f6fe1d6/附件/杭州市市场监督管理局西湖风景名胜区分局关于公布2024年度西湖风景名胜区餐饮服务单位食品安全监督量化分级评定结果的通知.pdf,4688f86c5ae9e39c42aacf377957e37ab0ad1bba8178b4c5a382820d2322dcff,1,10_政策与目录/政策数据库/企策顾问/公示公告/杭州市/综合政策/2025-04-21__杭州市市场监督管理局西湖风景名胜区分局关于公布2024年度西湖风景名胜区餐饮服务单位食品安全监督量化分级评定结果的通知__8afdfc3fff11489087273f1d9f6fe1d6/附件/杭州市市场监督管理局西湖风景名胜区分局关于公布2024年度西湖风景名胜区餐饮服务单位食品安全监督量化分级评定结果的通知.pdf
P1,公示、认定或复核名单,/Volumes/知识库/_云端知识库/10_政策与目录/政策数据库/企策顾问/公示公告/杭州市/综合政策/2025-05-12__中共杭州市委宣传部杭州市市场监督管理局杭州市发改委关于公布2024年杭州市信用管理示范企业培育名单的通知__443d731dd4084e86b802ef874b6aa3c5/附件/中共杭州市委宣传部杭州市市场监督管理局杭州市发改委关于公布2024年杭州市信用管理示范企业培育名单的通知.pdf,10_政策与目录/政策数据库/企策顾问/公示公告/杭州市/综合政策/2025-05-12__中共杭州市委宣传部杭州市市场监督管理局杭州市发改委关于公布2024年杭州市信用管理示范企业培育名单的通知__443d731dd4084e86b802ef874b6aa3c5/附件/中共杭州市委宣传部杭州市市场监督管理局杭州市发改委关于公布2024年杭州市信用管理示范企业培育名单的通知.pdf,c481c21e6127bfd76716912b4e0d1eac406a2bab7ef071e65fc49ee3f12de9d7,2,10_政策与目录/政策数据库/企策顾问/公示公告/杭州市/综合政策/2025-05-12__中共杭州市委宣传部杭州市市场监督管理局杭州市发改委关于公布2024年杭州市信用管理示范企业培育名单的通知__443d731dd4084e86b802ef874b6aa3c5/附件/中共杭州市委宣传部杭州市市场监督管理局杭州市发改委关于公布2024年杭州市信用管理示范企业培育名单的通知.pdf | 10_政策与目录/政策数据库/企策顾问/公示公告/杭州市/综合政策/2025-05-19__中共杭州市委宣传部 杭州市市场监督管理局 杭州市发改委 关于公布2024年杭州市信用管理示范企业培育名单的通知__582e386f7bca4f4295794abc27e6f7c7/附件/中共杭州市委宣传部 杭州市市场监督管理局 杭州市发改委 关于公布2024年杭州市信用管理示范企业培育名单的通知.pdf
P1,公示、认定或复核名单,/Volumes/知识库/_云端知识库/10_政策与目录/政策数据库/企策顾问/公示公告/杭州市/综合政策/2025-06-20__杭州市科学技术局关于公布2024年市级科技企业孵化器绩效评价结果的通知__f23b3677d6314d0bb67c4d68f936c10f/附件/杭州市科学技术局关于公布2024年市级科技企业孵化器绩效评价结果的通知.pdf,10_政策与目录/政策数据库/企策顾问/公示公告/杭州市/综合政策/2025-06-20__杭州市科学技术局关于公布2024年市级科技企业孵化器绩效评价结果的通知__f23b3677d6314d0bb67c4d68f936c10f/附件/杭州市科学技术局关于公布2024年市级科技企业孵化器绩效评价结果的通知.pdf,8169655b78a983ea382ee4f44b1c3c09d4a21a9043a18b370af17cbb2f10c9db,1,10_政策与目录/政策数据库/企策顾问/公示公告/杭州市/综合政策/2025-06-20__杭州市科学技术局关于公布2024年市级科技企业孵化器绩效评价结果的通知__f23b3677d6314d0bb67c4d68f936c10f/附件/杭州市科学技术局关于公布2024年市级科技企业孵化器绩效评价结果的通知.pdf
P1,公示、认定或复核名单,/Volumes/知识库/_云端知识库/10_政策与目录/政策数据库/企策顾问/公示公告/杭州市/综合政策/2025-11-04__关于公布2025年杭州市生物医药特色产业园区名单的通知__0a5d13cca776425caa5638d6fc926418/附件/关于公布2025年杭州市生物医药特色产业园区名单的通知.pdf,10_政策与目录/政策数据库/企策顾问/公示公告/杭州市/综合政策/2025-11-04__关于公布2025年杭州市生物医药特色产业园区名单的通知__0a5d13cca776425caa5638d6fc926418/附件/关于公布2025年杭州市生物医药特色产业园区名单的通知.pdf,d104a5fb249964e23b1cb72a7026aecf8563271bf40456da4487fd666e871882,1,10_政策与目录/政策数据库/企策顾问/公示公告/杭州市/综合政策/2025-11-04__关于公布2025年杭州市生物医药特色产业园区名单的通知__0a5d13cca776425caa5638d6fc926418/附件/关于公布2025年杭州市生物医药特色产业园区名单的通知.pdf
P1,公示、认定或复核名单,/Volumes/知识库/_云端知识库/10_政策与目录/政策数据库/企策顾问/公示公告/杭州市/综合政策/2025-12-31__杭州市科学技术局关于认定2025年市级科技企业孵化器的通知__838f12aae79a4c5fa5672b03d98a6ad8/附件/杭州市科学技术局关于认定2025年市级科技企业孵化器的通知.pdf,10_政策与目录/政策数据库/企策顾问/公示公告/杭州市/综合政策/2025-12-31__杭州市科学技术局关于认定2025年市级科技企业孵化器的通知__838f12aae79a4c5fa5672b03d98a6ad8/附件/杭州市科学技术局关于认定2025年市级科技企业孵化器的通知.pdf,82a35ff5bdb175f81f385eb364e7a4c103127db38e3f1431b97d06c62bb9e770,1,10_政策与目录/政策数据库/企策顾问/公示公告/杭州市/综合政策/2025-12-31__杭州市科学技术局关于认定2025年市级科技企业孵化器的通知__838f12aae79a4c5fa5672b03d98a6ad8/附件/杭州市科学技术局关于认定2025年市级科技企业孵化器的通知.pdf
P1,公示、认定或复核名单,/Volumes/知识库/_云端知识库/10_政策与目录/政策数据库/企策顾问/公示公告/杭州市/软件与数字经济/2025-01-22__市经信局（市数字经济局）市人力社保局关于公布孙新民等3980人具有工程师职务任职资格的通知__4ff652015abd497984733c85c1f9f515/附件/杭经信联人事【2025】7号-杭州市经济和信息化局(杭州市数字经济局) 杭州市人力资源和社会保障局关于公布孙新民等3980人具有工程师职务任职资格的通知.pdf,10_政策与目录/政策数据库/企策顾问/公示公告/杭州市/软件与数字经济/2025-01-22__市经信局（市数字经济局）市人力社保局关于公布孙新民等3980人具有工程师职务任职资格的通知__4ff652015abd497984733c85c1f9f515/附件/杭经信联人事【2025】7号-杭州市经济和信息化局(杭州市数字经济局) 杭州市人力资源和社会保障局关于公布孙新民等3980人具有工程师职务任职资格的通知.pdf,525e20c546c0a72e10854c26e42bd7a5699d59a0772ba406431250e2f99a0455,1,10_政策与目录/政策数据库/企策顾问/公示公告/杭州市/软件与数字经济/2025-01-22__市经信局（市数字经济局）市人力社保局关于公布孙新民等3980人具有工程师职务任职资格的通知__4ff652015abd497984733c85c1f9f515/附件/杭经信联人事【2025】7号-杭州市经济和信息化局(杭州市数字经济局) 杭州市人力资源和社会保障局关于公布孙新民等3980人具有工程师职务任职资格的通知.pdf
P1,公示、认定或复核名单,/Volumes/知识库/_云端知识库/10_政策与目录/政策数据库/企策顾问/公示公告/杭州市/软件与数字经济/2025-02-26__关于杭州市中小企业数字化转型城市试点第二批企业数改项目拟验收通过名单的公示__208214e463cf400fb173aee0bb187d56/附件/关于杭州市中小企业数字化转型城市试点第二批企业数改项目拟验收通过名单的公示.pdf,10_政策与目录/政策数据库/企策顾问/公示公告/杭州市/软件与数字经济/2025-02-26__关于杭州市中小企业数字化转型城市试点第二批企业数改项目拟验收通过名单的公示__208214e463cf400fb173aee0bb187d56/附件/关于杭州市中小企业数字化转型城市试点第二批企业数改项目拟验收通过名单的公示.pdf,1a33942ae39c1aa52d63367e27bc2d40b64c32bc8f056f36f4044501d9d2ad74,1,10_政策与目录/政策数据库/企策顾问/公示公告/杭州市/软件与数字经济/2025-02-26__关于杭州市中小企业数字化转型城市试点第二批企业数改项目拟验收通过名单的公示__208214e463cf400fb173aee0bb187d56/附件/关于杭州市中小企业数字化转型城市试点第二批企业数改项目拟验收通过名单的公示.pdf
P1,公示、认定或复核名单,/Volumes/知识库/_云端知识库/10_政策与目录/政策数据库/企策顾问/公示公告/绍兴市/人才项目/2025-12-02__绍兴市市场监督管理局绍兴市人力资源和社会保障局关于公布胡立峰等12人具有工程师职务任职资格的通知__9a898eb4d507402598c8d6b3be1f06a8/附件/绍市监管干〔2025〕1号绍兴市市场监督管理局绍兴市人力资源和社会保障局关于公布胡立峰等12人具有工程师职务任职资格的通知.pdf,10_政策与目录/政策数据库/企策顾问/公示公告/绍兴市/人才项目/2025-12-02__绍兴市市场监督管理局绍兴市人力资源和社会保障局关于公布胡立峰等12人具有工程师职务任职资格的通知__9a898eb4d507402598c8d6b3be1f06a8/附件/绍市监管干〔2025〕1号绍兴市市场监督管理局绍兴市人力资源和社会保障局关于公布胡立峰等12人具有工程师职务任职资格的通知.pdf,d043bc2ce98aa318785441e909e3e9a4438d9bf40b26cb6f3378aa38af0d0a12,1,10_政策与目录/政策数据库/企策顾问/公示公告/绍兴市/人才项目/2025-12-02__绍兴市市场监督管理局绍兴市人力资源和社会保障局关于公布胡立峰等12人具有工程师职务任职资格的通知__9a898eb4d507402598c8d6b3be1f06a8/附件/绍市监管干〔2025〕1号绍兴市市场监督管理局绍兴市人力资源和社会保障局关于公布胡立峰等12人具有工程师职务任职资格的通知.pdf
P1,公示、认定或复核名单,/Volumes/知识库/_云端知识库/10_政策与目录/政策数据库/企策顾问/公示公告/绍兴市/综合政策/2025-06-27__普施康微流控POCT系统产业化基地项目环评公示__d0d1300acc7c4e958eb3f5ebe50abdf4/附件/备案承诺书.pdf,10_政策与目录/政策数据库/企策顾问/公示公告/绍兴市/综合政策/2025-06-27__普施康微流控POCT系统产业化基地项目环评公示__d0d1300acc7c4e958eb3f5ebe50abdf4/附件/备案承诺书.pdf,d398db22216fdc192438a0a4069e5b8d56d84c411ba058e3ed70bd1e50c24001,1,10_政策与目录/政策数据库/企策顾问/公示公告/绍兴市/综合政策/2025-06-27__普施康微流控POCT系统产业化基地项目环评公示__d0d1300acc7c4e958eb3f5ebe50abdf4/附件/备案承诺书.pdf
P1,公示、认定或复核名单,/Volumes/知识库/_云端知识库/10_政策与目录/政策数据库/企策顾问/公示公告/金华市/人才项目/2025-11-12__金华市市场监督管理局金华市人力资源和社会保障局关于公布张卉等15人具有工程师职务任职资格的通知__e2db075b175f4b71956b47705270db86/附件/251110金华市市场监督管理局金华市人力资源和社会保障局关于公布张卉等15人具有工程师职务任职资格的通知(金市监发〔2025〕87号).pdf,10_政策与目录/政策数据库/企策顾问/公示公告/金华市/人才项目/2025-11-12__金华市市场监督管理局金华市人力资源和社会保障局关于公布张卉等15人具有工程师职务任职资格的通知__e2db075b175f4b71956b47705270db86/附件/251110金华市市场监督管理局金华市人力资源和社会保障局关于公布张卉等15人具有工程师职务任职资格的通知(金市监发〔2025〕87号).pdf,75bd73b49389df396fb4d7ddfcbbf5d46d1da754ff4ca26e6b5646854447ba1c,1,10_政策与目录/政策数据库/企策顾问/公示公告/金华市/人才项目/2025-11-12__金华市市场监督管理局金华市人力资源和社会保障局关于公布张卉等15人具有工程师职务任职资格的通知__e2db075b175f4b71956b47705270db86/附件/251110金华市市场监督管理局金华市人力资源和社会保障局关于公布张卉等15人具有工程师职务任职资格的通知(金市监发〔2025〕87号).pdf
P1,公示、认定或复核名单,/Volumes/知识库/_云端知识库/10_政策与目录/政策数据库/企策顾问/公示公告/金华市/人才项目/2025-12-15__金华市经济和信息化局金华市人力资源和社会保障局关于公布黄华等85人具有工程师职务任职资格的通知__0d38fa3ebf234f06b3150847b82e3f1c/附件/【签章】金经信人事〔2025〕206号金华市经济和信息化局金华市人力资源和社会保障局关于公布黄华等85人具有工程师职务任职资格的通知.pdf,10_政策与目录/政策数据库/企策顾问/公示公告/金华市/人才项目/2025-12-15__金华市经济和信息化局金华市人力资源和社会保障局关于公布黄华等85人具有工程师职务任职资格的通知__0d38fa3ebf234f06b3150847b82e3f1c/附件/【签章】金经信人事〔2025〕206号金华市经济和信息化局金华市人力资源和社会保障局关于公布黄华等85人具有工程师职务任职资格的通知.pdf,0b2b4ab45e76a7e8f165c257b3d940ebcc02fd11dde0d0ccc42eb110f62ef13b,1,10_政策与目录/政策数据库/企策顾问/公示公告/金华市/人才项目/2025-12-15__金华市经济和信息化局金华市人力资源和社会保障局关于公布黄华等85人具有工程师职务任职资格的通知__0d38fa3ebf234f06b3150847b82e3f1c/附件/【签章】金经信人事〔2025〕206号金华市经济和信息化局金华市人力资源和社会保障局关于公布黄华等85人具有工程师职务任职资格的通知.pdf
P1,公示、认定或复核名单,/Volumes/知识库/_云端知识库/10_政策与目录/政策数据库/企策顾问/公示公告/金华市/技术中心/2025-09-28__关于公布金华市第十三批建筑业企业技术中心名单的通知__e85b47b0cd1a4109a23400b38ffe53da/附件/【签章】金经信投资〔2025〕158号金华市经济和信息化局金华市住房和城乡建设局关于公布金华市第十三批建筑业企业技术中心名单的通知.pdf,10_政策与目录/政策数据库/企策顾问/公示公告/金华市/技术中心/2025-09-28__关于公布金华市第十三批建筑业企业技术中心名单的通知__e85b47b0cd1a4109a23400b38ffe53da/附件/【签章】金经信投资〔2025〕158号金华市经济和信息化局金华市住房和城乡建设局关于公布金华市第十三批建筑业企业技术中心名单的通知.pdf,5a26e925ea2619f607947815c3c62cbd2710c6f8e3b05ed7f22ec0f9f386a647,1,10_政策与目录/政策数据库/企策顾问/公示公告/金华市/技术中心/2025-09-28__关于公布金华市第十三批建筑业企业技术中心名单的通知__e85b47b0cd1a4109a23400b38ffe53da/附件/【签章】金经信投资〔2025〕158号金华市经济和信息化局金华市住房和城乡建设局关于公布金华市第十三批建筑业企业技术中心名单的通知.pdf
P1,公示、认定或复核名单,/Volumes/知识库/_云端知识库/10_政策与目录/政策数据库/企策顾问/公示公告/金华市/技术中心/2026-03-31__关于公布建筑业领域2025年度金华市企业技术中心评价结果的通知__09a80edd869044e7916e6f80277effc1/附件/年度金华市企业技术中心评价结果的通知.pdf,10_政策与目录/政策数据库/企策顾问/公示公告/金华市/技术中心/2026-03-31__关于公布建筑业领域2025年度金华市企业技术中心评价结果的通知__09a80edd869044e7916e6f80277effc1/附件/年度金华市企业技术中心评价结果的通知.pdf,c7af55351bb1fcdbedd995daeb782dd8c857b1a1964846059a1bc3a453025031,1,10_政策与目录/政策数据库/企策顾问/公示公告/金华市/技术中心/2026-03-31__关于公布建筑业领域2025年度金华市企业技术中心评价结果的通知__09a80edd869044e7916e6f80277effc1/附件/年度金华市企业技术中心评价结果的通知.pdf
P1,公示、认定或复核名单,/Volumes/知识库/_云端知识库/10_政策与目录/政策数据库/企策顾问/公示公告/金华市/高新/2025-04-03__关于下达2023年度金华市区高新技术企业奖励资金的通知__455bc2921dfe4467ac6d30ddef1d8d2f/附件/金市科〔2025〕17号-金华市科学技术局 关于下达2023年度金华市区高新技术企业奖励资金的通知.pdf,10_政策与目录/政策数据库/企策顾问/公示公告/金华市/高新/2025-04-03__关于下达2023年度金华市区高新技术企业奖励资金的通知__455bc2921dfe4467ac6d30ddef1d8d2f/附件/金市科〔2025〕17号-金华市科学技术局 关于下达2023年度金华市区高新技术企业奖励资金的通知.pdf,702c15669fbfc9e74b722377f0aa7daa7e8b5b6aec456855a7d59e7ac3beec6e,1,10_政策与目录/政策数据库/企策顾问/公示公告/金华市/高新/2025-04-03__关于下达2023年度金华市区高新技术企业奖励资金的通知__455bc2921dfe4467ac6d30ddef1d8d2f/附件/金市科〔2025〕17号-金华市科学技术局 关于下达2023年度金华市区高新技术企业奖励资金的通知.pdf
P2,产业、产品、领域目录或办事指南,/Volumes/知识库/_云端知识库/10_政策与目录/优质中小企业梯度培育/校宝在线首版次证明__16-国家标准参编证明文件.pdf,10_政策与目录/优质中小企业梯度培育/校宝在线首版次证明__16-国家标准参编证明文件.pdf,3eeb50a68072b2f1009da6f546d0c1c830f1971a1be5c9a069912937bfaf6c28,1,10_政策与目录/优质中小企业梯度培育/校宝在线首版次证明__16-国家标准参编证明文件.pdf
P2,产业、产品、领域目录或办事指南,/Volumes/知识库/_云端知识库/10_政策与目录/技术改造和未来工厂/未来工厂、智能制造/市 数字化/杭州钱塘新区管理委员会关于印发“１+４+Ｘ”政策体系文件的通知.pdf,10_政策与目录/技术改造和未来工厂/未来工厂、智能制造/市 数字化/杭州钱塘新区管理委员会关于印发“１+４+Ｘ”政策体系文件的通知.pdf,06170b9f70669782a4a4eaf9b63bfccaaccd4f2e01902e60f55adcd341316ab5,1,10_政策与目录/技术改造和未来工厂/未来工厂、智能制造/市 数字化/杭州钱塘新区管理委员会关于印发“１+４+Ｘ”政策体系文件的通知.pdf
P2,产业、产品、领域目录或办事指南,/Volumes/知识库/_云端知识库/10_政策与目录/技术改造和未来工厂/未来工厂、智能制造/杭州市数字化改造攻关/关于征集2023年杭州市“未来工厂”培育企业和制造业数字化改造攻关项目的预通知.pdf,10_政策与目录/技术改造和未来工厂/未来工厂、智能制造/杭州市数字化改造攻关/关于征集2023年杭州市“未来工厂”培育企业和制造业数字化改造攻关项目的预通知.pdf,57f3c6d2025185c2d1a13c6e97320415a123b18de3f1deb6888c45b69319368f,1,10_政策与目录/技术改造和未来工厂/未来工厂、智能制造/杭州市数字化改造攻关/关于征集2023年杭州市“未来工厂”培育企业和制造业数字化改造攻关项目的预通知.pdf
P2,产业、产品、领域目录或办事指南,/Volumes/知识库/_云端知识库/10_政策与目录/浙江制造精品/浙江制造精品/浙江制造精品/关于组织开展2022年度“浙江制造精品”申报工作的通知.pdf,10_政策与目录/浙江制造精品/浙江制造精品/浙江制造精品/关于组织开展2022年度“浙江制造精品”申报工作的通知.pdf,53296787b5993d319181cf82c9b45c578b1587167f6af29f0c68fc2de4ac0673,1,10_政策与目录/浙江制造精品/浙江制造精品/浙江制造精品/关于组织开展2022年度“浙江制造精品”申报工作的通知.pdf
P2,产业、产品、领域目录或办事指南,/Volumes/知识库/_云端知识库/10_政策与目录/浙江制造精品/浙江制造精品/浙江制造精品/德清县人民政府关于印发德清县制造业高质量发展若干政策意见的通知.pdf,10_政策与目录/浙江制造精品/浙江制造精品/浙江制造精品/德清县人民政府关于印发德清县制造业高质量发展若干政策意见的通知.pdf,d8c521bd1ef2318e7b6d5e0e60bdc33b8f9d810783fdbcf99193890148611f1b,1,10_政策与目录/浙江制造精品/浙江制造精品/浙江制造精品/德清县人民政府关于印发德清县制造业高质量发展若干政策意见的通知.pdf
P2,产业、产品、领域目录或办事指南,/Volumes/知识库/_云端知识库/10_政策与目录/软件与数字经济/双软认定指引/关于开展2023年浙江省软件和信息服务业、工业设计领跑企业认定工作的通知.pdf,10_政策与目录/软件与数字经济/双软认定指引/关于开展2023年浙江省软件和信息服务业、工业设计领跑企业认定工作的通知.pdf,b47fa61e644f2e5884ffe6ddb900cfb2e1923af6a6754d445db63c651ee28263,1,10_政策与目录/软件与数字经济/双软认定指引/关于开展2023年浙江省软件和信息服务业、工业设计领跑企业认定工作的通知.pdf
P2,产业、产品、领域目录或办事指南,/Volumes/知识库/_云端知识库/10_政策与目录/软件与数字经济/双软认定指引/浙江省软件企业认定中软件收入界定暂行办法.pdf,10_政策与目录/软件与数字经济/双软认定指引/浙江省软件企业认定中软件收入界定暂行办法.pdf,2cc9ae3d91574bd1fda533bb51d716b58c0f0caffd660574877477d03626ec1d,1,10_政策与目录/软件与数字经济/双软认定指引/浙江省软件企业认定中软件收入界定暂行办法.pdf
P2,产业、产品、领域目录或办事指南,/Volumes/知识库/_云端知识库/10_政策与目录/首版次/2024年度首版次软件产品认定推荐工作的通知.pdf,10_政策与目录/首版次/2024年度首版次软件产品认定推荐工作的通知.pdf,2d5ce32298e8ef3e4a184149ef842795d8fd68e4f6cfe0e94411dd3c8492d5ee,1,10_政策与目录/首版次/2024年度首版次软件产品认定推荐工作的通知.pdf
P2,产业、产品、领域目录或办事指南,/Volumes/知识库/_云端知识库/10_政策与目录/首版次/3校宝在线（杭州）科技股份有限公司-首版次/校宝首版次/7、标准情况/国标 系统与软件工程 基于模型的系统与软件工程方法和工具.pdf,10_政策与目录/首版次/3校宝在线（杭州）科技股份有限公司-首版次/校宝首版次/7、标准情况/国标 系统与软件工程 基于模型的系统与软件工程方法和工具.pdf,b4833474a9bfbaba23bb80f54762a199c7cfc14f0bd209217e624b8914ee4d15,1,10_政策与目录/首版次/3校宝在线（杭州）科技股份有限公司-首版次/校宝首版次/7、标准情况/国标 系统与软件工程 基于模型的系统与软件工程方法和工具.pdf
P2,产业、产品、领域目录或办事指南,/Volumes/知识库/_云端知识库/10_政策与目录/首版次/首版次案例-高格软件/所属领域-首版次软件产品目录.pdf,10_政策与目录/首版次/首版次案例-高格软件/所属领域-首版次软件产品目录.pdf,f18c7ae602ea8230c1675747354ec9c8ccc281e595d67e104113331a65db7187,1,10_政策与目录/首版次/首版次案例-高格软件/所属领域-首版次软件产品目录.pdf
P2,产业、产品、领域目录或办事指南,/Volumes/知识库/_云端知识库/10_政策与目录/首版次/首版次案例-高格软件/标准证明材料/团体标准证明材料2.pdf,10_政策与目录/首版次/首版次案例-高格软件/标准证明材料/团体标准证明材料2.pdf,cb1dcea18deaf7e438e8daa948adf8362231c8f921b5e42ef101496ed1d89baf,1,10_政策与目录/首版次/首版次案例-高格软件/标准证明材料/团体标准证明材料2.pdf
P2,产业、产品、领域目录或办事指南,/Volumes/知识库/_云端知识库/10_政策与目录/首版次/首版次案例-高格软件/标准证明材料/国家标准证明材料.pdf,10_政策与目录/首版次/首版次案例-高格软件/标准证明材料/国家标准证明材料.pdf,5798c5458b9703ff0367098b0f4df6eef36c45be4ce4c595fd6c8884796284e9,1,10_政策与目录/首版次/首版次案例-高格软件/标准证明材料/国家标准证明材料.pdf
